k__Bacteria;p__Bacteroidetes;c__Bacteroidia;o__Bacteroidales;f__Prevotellaceae,k__Bacteria;p__Proteobacteria;c__Gammaproteobacteria;o__Enterobacteriales;f__Enterobacteriaceae,k__Bacteria;p__Firmicutes;c__Clostridia;o__Clostridiales;f__Veillonellaceae,k__Bacteria;p__Firmicutes;c__Clostridia;o__Clostridiales;f__Lachnospiraceae,k__Bacteria;p__Firmicutes;c__Clostridia;o__Clostridiales;f__Ruminococcaceae,k__Bacteria;p__Bacteroidetes;c__Bacteroidia;o__Bacteroidales;f__Bacteroidaceae,k__Bacteria;p__Firmicutes;c__Erysipelotrichi;o__Erysipelotrichales;f__Erysipelotrichaceae,k__Bacteria;p__Firmicutes;c__Clostridia;o__Clostridiales;f__Clostridiaceae,k__Bacteria;p__Proteobacteria;c__Gammaproteobacteria;o__Pasteurellales;f__Pasteurellaceae,k__Bacteria;p__Firmicutes;c__Bacilli;o__Lactobacillales;f__Streptococcaceae,k__Bacteria;p__Proteobacteria;c__Betaproteobacteria;o__Burkholderiales;__,k__Bacteria;p__Bacteroidetes;c__Bacteroidia;o__Bacteroidales;f__S24-7,k__Bacteria;p__Actinobacteria;c__Coriobacteriia;o__Coriobacteriales;f__Coriobacteriaceae,k__Bacteria;p__Firmicutes;c__Clostridia;o__Clostridiales;__,k__Bacteria;p__Bacteroidetes;c__Bacteroidia;o__Bacteroidales;f__[Paraprevotellaceae],k__Bacteria;p__Firmicutes;c__Bacilli;o__Lactobacillales;f__Lactobacillaceae,k__Bacteria;p__Actinobacteria;c__Actinobacteria;o__Bifidobacteriales;f__Bifidobacteriaceae,k__Bacteria;p__Firmicutes;c__Clostridia;o__Clostridiales;f__,k__Bacteria;p__Firmicutes;c__Bacilli;o__Turicibacterales;f__Turicibacteraceae,k__Bacteria;p__Bacteroidetes;c__Bacteroidia;o__Bacteroidales;f__Porphyromonadaceae,k__Bacteria;p__Bacteroidetes;c__Bacteroidia;o__Bacteroidales;f__Rikenellaceae,k__Bacteria;p__Firmicutes;c__Clostridia;o__Clostridiales;f__[Mogibacteriaceae],k__Bacteria;p__Firmicutes;c__Bacilli;o__Lactobacillales;f__Enterococcaceae,k__Bacteria;p__Proteobacteria;c__Deltaproteobacteria;o__Desulfovibrionales;f__Desulfovibrionaceae,k__Bacteria;p__Bacteroidetes;c__Bacteroidia;o__Bacteroidales;f__[Barnesiellaceae],k__Bacteria;p__Proteobacteria;c__Betaproteobacteria;__;__,k__Bacteria;p__Fusobacteria;c__Fusobacteriia;o__Fusobacteriales;f__Fusobacteriaceae,k__Bacteria;p__Tenericutes;c__Mollicutes;o__Anaeroplasmatales;f__Anaeroplasmataceae,k__Bacteria;__;__;__;__,k__Bacteria;p__Actinobacteria;c__Actinobacteria;o__Actinomycetales;f__Micrococcaceae,k__Bacteria;p__Actinobacteria;c__Actinobacteria;o__Actinomycetales;f__Actinomycetaceae,k__Bacteria;p__Bacteroidetes;c__Bacteroidia;o__Bacteroidales;f__[Odoribacteraceae],k__Bacteria;p__Proteobacteria;c__Gammaproteobacteria;__;__,k__Bacteria;p__Firmicutes;c__Clostridia;o__Clostridiales;f__Peptostreptococcaceae,k__Bacteria;p__Firmicutes;c__Clostridia;o__Clostridiales;f__Christensenellaceae,k__Bacteria;p__Verrucomicrobia;c__Verrucomicrobiae;o__Verrucomicrobiales;f__Verrucomicrobiaceae,k__Archaea;p__Euryarchaeota;c__Methanobacteria;o__Methanobacteriales;f__Methanobacteriaceae,k__Bacteria;p__Tenericutes;c__RF3;o__ML615J-28;f__,k__Bacteria;p__Verrucomicrobia;c__Opitutae;o__[Cerasicoccales];f__[Cerasicoccaceae],k__Bacteria;p__Synergistetes;c__Synergistia;o__Synergistales;f__Synergistaceae,k__Bacteria;p__Firmicutes;c__Clostridia;o__Clostridiales;f__Dehalobacteriaceae,k__Bacteria;p__Proteobacteria;c__Betaproteobacteria;o__Burkholderiales;f__Comamonadaceae,k__Bacteria;p__Bacteroidetes;c__Bacteroidia;o__Bacteroidales;__,k__Bacteria;p__Firmicutes;c__Clostridia;o__Clostridiales;f__Eubacteriaceae,k__Bacteria;p__Proteobacteria;c__Betaproteobacteria;o__Burkholderiales;f__Oxalobacteraceae,k__Bacteria;p__Firmicutes;c__Bacilli;o__Bacillales;f__[Thermicanaceae],k__Bacteria;p__Firmicutes;c__Clostridia;o__SHA-98;f__,k__Bacteria;p__Firmicutes;c__Clostridia;o__Clostridiales;f__Peptococcaceae,k__Bacteria;p__Firmicutes;c__Clostridia;__;__,k__Bacteria;p__Lentisphaerae;c__[Lentisphaeria];o__Victivallales;f__Victivallaceae,k__Bacteria;p__Proteobacteria;c__Alphaproteobacteria;o__RF32;f__,k__Bacteria;p__Tenericutes;c__Mollicutes;o__RF39;f__,k__Bacteria;p__Actinobacteria;c__Actinobacteria;o__Actinomycetales;f__Corynebacteriaceae,k__Bacteria;p__Proteobacteria;c__Betaproteobacteria;o__Burkholderiales;f__Alcaligenaceae,k__Bacteria;p__Proteobacteria;c__Epsilonproteobacteria;o__Campylobacterales;f__Campylobacteraceae,k__Bacteria;p__Firmicutes;c__Bacilli;o__Lactobacillales;__,k__Bacteria;p__Proteobacteria;c__Gammaproteobacteria;o__Xanthomonadales;f__Xanthomonadaceae,k__Bacteria;p__Bacteroidetes;c__Flavobacteriia;o__Flavobacteriales;f__Flavobacteriaceae,k__Bacteria;p__Firmicutes;c__Bacilli;o__Lactobacillales;f__Leuconostocaceae,k__Bacteria;p__Firmicutes;c__Bacilli;__;__,k__Bacteria;p__Proteobacteria;c__Alphaproteobacteria;o__Caulobacterales;f__Caulobacteraceae,k__Bacteria;p__Proteobacteria;c__Alphaproteobacteria;o__Rhodobacterales;f__Rhodobacteraceae,k__Bacteria;p__[Thermi];c__Deinococci;o__Thermales;f__Thermaceae,k__Bacteria;p__Firmicutes;c__Clostridia;o__Clostridiales;f__[Tissierellaceae],k__Bacteria;p__Proteobacteria;c__Alphaproteobacteria;o__Rhizobiales;f__Rhizobiaceae,k__Bacteria;p__Cyanobacteria;c__4C0d-2;o__YS2;f__,k__Bacteria;p__Proteobacteria;c__Gammaproteobacteria;o__Pseudomonadales;f__Pseudomonadaceae,k__Bacteria;p__Bacteroidetes;__;__;__,k__Bacteria;p__Proteobacteria;c__Gammaproteobacteria;o__Pseudomonadales;f__Moraxellaceae,k__Bacteria;p__Acidobacteria;c__[Chloracidobacteria];o__RB41;f__Ellin6075,k__Bacteria;p__Verrucomicrobia;c__[Spartobacteria];o__[Chthoniobacterales];f__[Chthoniobacteraceae],k__Bacteria;p__Actinobacteria;c__Actinobacteria;o__Actinomycetales;f__Dermabacteraceae,k__Bacteria;p__Firmicutes;c__Bacilli;o__Bacillales;f__Bacillaceae,k__Bacteria;p__Proteobacteria;c__Gammaproteobacteria;o__Aeromonadales;f__Succinivibrionaceae,k__Bacteria;p__Proteobacteria;c__Betaproteobacteria;o__Neisseriales;f__Neisseriaceae,k__Bacteria;p__Actinobacteria;c__Actinobacteria;o__Actinomycetales;f__Microbacteriaceae,k__Bacteria;p__Firmicutes;__;__;__,k__Bacteria;p__Synergistetes;c__Synergistia;o__Synergistales;f__Dethiosulfovibrionaceae,k__Bacteria;p__Actinobacteria;c__Actinobacteria;o__Actinomycetales;f__Propionibacteriaceae,k__Bacteria;p__Bacteroidetes;c__Flavobacteriia;o__Flavobacteriales;f__[Weeksellaceae],k__Bacteria;p__Cyanobacteria;c__Chloroplast;o__Streptophyta;f__,k__Bacteria;p__Actinobacteria;c__Actinobacteria;o__Actinomycetales;__,k__Bacteria;p__Proteobacteria;c__Alphaproteobacteria;o__Rickettsiales;f__mitochondria,k__Bacteria;p__Actinobacteria;c__Thermoleophilia;o__Solirubrobacterales;f__Patulibacteraceae,k__Bacteria;p__Proteobacteria;c__Alphaproteobacteria;o__Rhizobiales;f__Methylobacteriaceae,k__Bacteria;p__Proteobacteria;c__Alphaproteobacteria;o__Sphingomonadales;f__Sphingomonadaceae,k__Bacteria;p__Actinobacteria;c__Actinobacteria;o__Actinomycetales;f__Williamsiaceae,k__Bacteria;p__Actinobacteria;c__Actinobacteria;o__Actinomycetales;f__Intrasporangiaceae,k__Bacteria;p__Firmicutes;c__Bacilli;o__Bacillales;f__[Exiguobacteraceae],k__Bacteria;p__Firmicutes;c__Bacilli;o__Gemellales;f__Gemellaceae,k__Bacteria;p__Actinobacteria;c__Actinobacteria;o__Actinomycetales;f__Dietziaceae,k__Archaea;p__Euryarchaeota;c__Thermoplasmata;o__E2;f__[Methanomassiliicoccaceae],k__Bacteria;p__Actinobacteria;c__Actinobacteria;o__Actinomycetales;f__Brevibacteriaceae,k__Bacteria;p__Firmicutes;c__Bacilli;o__Lactobacillales;f__Aerococcaceae,k__Bacteria;p__Bacteroidetes;c__Cytophagia;o__Cytophagales;f__Cytophagaceae,k__Bacteria;p__Firmicutes;c__Bacilli;o__Bacillales;f__Staphylococcaceae,k__Bacteria;p__Proteobacteria;c__Betaproteobacteria;o__Rhodocyclales;f__Rhodocyclaceae,k__Bacteria;p__Firmicutes;c__Clostridia;o__Clostridiales;f__EtOH8,k__Bacteria;p__Firmicutes;c__Bacilli;o__Bacillales;__,k__Bacteria;p__Proteobacteria;c__Alphaproteobacteria;o__Rhizobiales;f__Hyphomicrobiaceae,k__Bacteria;p__Bacteroidetes;c__Sphingobacteriia;o__Sphingobacteriales;f__Sphingobacteriaceae,k__Bacteria;p__Actinobacteria;c__Actinobacteria;o__Actinomycetales;f__Nocardiopsaceae,k__Bacteria;p__Firmicutes;c__Bacilli;o__Bacillales;f__Paenibacillaceae,k__Bacteria;p__Bacteroidetes;c__Bacteroidia;o__Bacteroidales;f__,k__Bacteria;p__Fusobacteria;c__Fusobacteriia;o__Fusobacteriales;f__Leptotrichiaceae,k__Bacteria;p__[Thermi];c__Deinococci;o__Deinococcales;f__Deinococcaceae,k__Bacteria;p__Proteobacteria;__;__;__,k__Bacteria;p__Tenericutes;__;__;__,k__Bacteria;p__Spirochaetes;c__Spirochaetes;o__Spirochaetales;f__Spirochaetaceae,k__Bacteria;p__Firmicutes;c__Clostridia;o__MBA08;f__,k__Bacteria;p__Proteobacteria;c__Alphaproteobacteria;o__Rhizobiales;f__Brucellaceae,k__Bacteria;p__Tenericutes;c__Mollicutes;o__Mycoplasmatales;f__Mycoplasmataceae,k__Bacteria;p__TM7;c__TM7-3;o__;f__,k__Bacteria;p__Firmicutes;c__Clostridia;o__Clostridiales;f__Syntrophomonadaceae,k__Bacteria;p__Firmicutes;c__Clostridia;o__Clostridiales;f__Caldicoprobacteraceae,k__Bacteria;p__Proteobacteria;c__Alphaproteobacteria;__;__,k__Bacteria;p__Tenericutes;c__Mollicutes;o__;f__,k__Bacteria;p__Actinobacteria;__;__;__,k__Bacteria;p__FBP;c__;o__;f__,k__Bacteria;p__Proteobacteria;c__Deltaproteobacteria;o__Desulfovibrionales;__,Unassigned;__;__;__;__,k__Bacteria;p__Chlorobi;c__OPB56;o__;f__,k__Bacteria;p__Actinobacteria;c__Actinobacteria;o__Actinomycetales;f__Dermacoccaceae,k__Bacteria;p__Proteobacteria;c__Alphaproteobacteria;o__Rhizobiales;f__Phyllobacteriaceae,k__Bacteria;p__Bacteroidetes;c__Sphingobacteriia;o__Sphingobacteriales;__,k__Bacteria;p__Proteobacteria;c__Alphaproteobacteria;o__Sphingomonadales;f__Erythrobacteraceae,k__Bacteria;p__Proteobacteria;c__Deltaproteobacteria;o__Bdellovibrionales;f__Bdellovibrionaceae,k__Bacteria;p__Proteobacteria;c__Alphaproteobacteria;o__BD7-3;f__,k__Bacteria;p__Proteobacteria;c__Alphaproteobacteria;o__Rhizobiales;f__Beijerinckiaceae,k__Bacteria;p__Bacteroidetes;c__Flavobacteriia;o__Flavobacteriales;f__Cryomorphaceae,k__Bacteria;p__Proteobacteria;c__Alphaproteobacteria;o__Sphingomonadales;f__,k__Bacteria;p__Bacteroidetes;c__Sphingobacteriia;o__Sphingobacteriales;f__,k__Bacteria;p__Actinobacteria;c__Actinobacteria;o__Actinomycetales;f__Nocardiaceae,k__Bacteria;p__Proteobacteria;c__Epsilonproteobacteria;o__Campylobacterales;f__Helicobacteraceae,k__Bacteria;p__AC1;c__;o__;f__,k__Bacteria;p__Firmicutes;c__Bacilli;o__Bacillales;f__Planococcaceae,k__Bacteria;p__Spirochaetes;c__[Brachyspirae];o__[Brachyspirales];f__Brachyspiraceae,diagnosis
107.0,22580.0,646.0,10832.0,6892.0,6872.0,218.0,46.0,0.0,20.0,2.0,0.0,78.0,159.0,0.0,27.0,185.0,2572.0,0.0,129.0,391.0,9.0,0.0,60.0,93.0,0.0,0.0,0.0,9.0,0.0,2.0,56.0,0.0,0.0,17.0,3.0,0.0,0.0,0.0,0.0,0.0,0.0,981.0,0.0,0.0,4.0,0.0,7.0,0.0,0.0,5.0,192.0,39.0,9.0,0.0,0.0,0.0,0.0,0.0,27.0,0.0,0.0,0.0,12.0,0.0,0.0,15.0,2.0,0.0,0.0,0.0,0.0,0.0,0.0,0.0,0.0,0.0,0.0,0.0,0.0,4.0,0.0,0.0,0.0,0.0,0.0,0.0,0.0,0.0,0.0,0.0,0.0,0.0,5.0,0.0,0.0,0.0,0.0,0.0,0.0,0.0,0.0,0.0,0.0,0.0,0.0,0.0,0.0,0.0,0.0,0.0,0.0,0.0,0.0,0.0,0.0,0.0,0.0,0.0,0.0,0.0,0.0,0.0,0.0,0.0,0.0,0.0,0.0,0.0,0.0,0.0,0.0,0.0,0.0,0.0,0.0,0.0,0
36.0,213.0,86.0,6720.0,1376.0,19668.0,313.0,9.0,0.0,38.0,7.0,9.0,71.0,151.0,2.0,8.0,1787.0,367.0,15.0,509.0,170.0,29.0,0.0,58.0,58.0,0.0,4.0,0.0,0.0,6.0,14.0,516.0,0.0,0.0,356.0,18468.0,0.0,0.0,0.0,0.0,0.0,0.0,0.0,0.0,0.0,0.0,0.0,0.0,0.0,0.0,0.0,0.0,51.0,2.0,3.0,0.0,0.0,0.0,0.0,39.0,0.0,2.0,2.0,60.0,0.0,0.0,14.0,0.0,14.0,0.0,0.0,0.0,0.0,0.0,2.0,0.0,0.0,0.0,0.0,0.0,0.0,0.0,0.0,0.0,0.0,3.0,0.0,0.0,5.0,0.0,0.0,0.0,0.0,0.0,2.0,0.0,0.0,0.0,1.0,0.0,2.0,0.0,0.0,0.0,0.0,0.0,0.0,0.0,0.0,0.0,0.0,0.0,0.0,0.0,0.0,0.0,0.0,0.0,0.0,0.0,0.0,0.0,0.0,0.0,0.0,0.0,0.0,0.0,0.0,0.0,0.0,0.0,0.0,0.0,0.0,0.0,0.0,1
28.0,12412.0,2399.0,21009.0,2532.0,3160.0,244.0,843.0,4.0,1590.0,0.0,47.0,1712.0,837.0,36.0,1338.0,2513.0,104.0,513.0,1188.0,638.0,77.0,0.0,358.0,0.0,2.0,9.0,0.0,4.0,14.0,260.0,2.0,0.0,35.0,31.0,19.0,2.0,2.0,0.0,0.0,0.0,0.0,3.0,5.0,0.0,0.0,0.0,0.0,0.0,0.0,172.0,0.0,331.0,16.0,0.0,93.0,4.0,0.0,0.0,253.0,0.0,0.0,0.0,993.0,0.0,0.0,0.0,0.0,42.0,0.0,0.0,2.0,0.0,0.0,0.0,0.0,0.0,131.0,15.0,12.0,7.0,4.0,3.0,3.0,2.0,2.0,2.0,2.0,1.0,1.0,1.0,0.0,0.0,0.0,0.0,0.0,0.0,0.0,0.0,0.0,0.0,0.0,0.0,0.0,0.0,0.0,0.0,0.0,0.0,0.0,0.0,0.0,0.0,0.0,0.0,0.0,0.0,0.0,0.0,0.0,0.0,0.0,0.0,0.0,0.0,0.0,0.0,0.0,0.0,0.0,0.0,0.0,0.0,0.0,0.0,0.0,0.0,1
10.0,173.0,105.0,9159.0,5376.0,23044.0,20.0,60.0,26.0,25.0,474.0,2.0,32.0,72.0,0.0,0.0,920.0,69.0,0.0,2280.0,818.0,6.0,0.0,136.0,513.0,233.0,0.0,0.0,0.0,0.0,8.0,129.0,0.0,0.0,16.0,3.0,0.0,0.0,0.0,0.0,0.0,0.0,0.0,4.0,0.0,0.0,0.0,0.0,0.0,0.0,2.0,0.0,6.0,0.0,0.0,0.0,0.0,0.0,0.0,10.0,0.0,0.0,0.0,3.0,0.0,0.0,19.0,0.0,8.0,8.0,8.0,8.0,4.0,0.0,0.0,0.0,0.0,0.0,0.0,0.0,0.0,0.0,0.0,0.0,0.0,0.0,0.0,0.0,0.0,0.0,0.0,0.0,0.0,0.0,0.0,0.0,0.0,0.0,0.0,0.0,0.0,0.0,0.0,0.0,0.0,0.0,0.0,0.0,0.0,0.0,0.0,0.0,0.0,0.0,0.0,0.0,0.0,0.0,0.0,0.0,0.0,0.0,0.0,0.0,0.0,0.0,0.0,0.0,0.0,0.0,0.0,0.0,0.0,0.0,0.0,0.0,0.0,0
21832.0,91.0,3027.0,6425.0,3577.0,16465.0,114.0,2.0,0.0,23.0,906.0,0.0,85.0,217.0,773.0,86.0,28.0,39.0,0.0,555.0,1284.0,23.0,21.0,209.0,1155.0,0.0,0.0,0.0,0.0,0.0,0.0,201.0,0.0,0.0,4.0,3.0,0.0,0.0,0.0,0.0,0.0,0.0,0.0,0.0,0.0,0.0,0.0,0.0,0.0,0.0,0.0,0.0,8.0,0.0,0.0,0.0,0.0,0.0,0.0,19.0,0.0,2.0,0.0,0.0,0.0,0.0,25.0,0.0,0.0,0.0,0.0,0.0,0.0,0.0,0.0,0.0,0.0,0.0,0.0,0.0,0.0,0.0,0.0,0.0,0.0,0.0,0.0,0.0,0.0,0.0,0.0,0.0,0.0,0.0,0.0,0.0,0.0,0.0,0.0,0.0,0.0,0.0,0.0,0.0,0.0,0.0,0.0,0.0,0.0,0.0,0.0,0.0,0.0,0.0,0.0,0.0,0.0,0.0,0.0,0.0,0.0,0.0,0.0,0.0,0.0,0.0,0.0,0.0,0.0,0.0,0.0,0.0,0.0,0.0,0.0,0.0,0.0,1
2.0,106.0,1783.0,7118.0,612.0,43045.0,211.0,0.0,0.0,2.0,0.0,0.0,30.0,0.0,2.0,2.0,107.0,4.0,68.0,6043.0,79.0,0.0,0.0,102.0,0.0,0.0,124.0,0.0,0.0,0.0,0.0,0.0,0.0,0.0,0.0,4.0,0.0,0.0,0.0,0.0,0.0,0.0,0.0,0.0,0.0,0.0,0.0,0.0,0.0,0.0,0.0,0.0,0.0,0.0,28.0,0.0,0.0,0.0,0.0,0.0,0.0,0.0,0.0,2.0,0.0,0.0,29.0,0.0,3.0,0.0,0.0,0.0,0.0,0.0,0.0,0.0,0.0,0.0,0.0,0.0,0.0,0.0,0.0,0.0,0.0,0.0,0.0,0.0,0.0,0.0,0.0,0.0,0.0,0.0,0.0,0.0,0.0,0.0,0.0,0.0,0.0,0.0,0.0,0.0,0.0,0.0,0.0,0.0,0.0,0.0,0.0,0.0,0.0,0.0,0.0,0.0,0.0,0.0,0.0,0.0,0.0,0.0,0.0,0.0,0.0,0.0,0.0,0.0,0.0,0.0,0.0,0.0,0.0,0.0,0.0,0.0,0.0,1
11.0,41101.0,493.0,1046.0,509.0,2926.0,121.0,0.0,0.0,7.0,0.0,0.0,94.0,6.0,2.0,4.0,404.0,18.0,0.0,289.0,315.0,0.0,0.0,217.0,57.0,0.0,0.0,0.0,2.0,0.0,0.0,43.0,0.0,0.0,5.0,96.0,0.0,0.0,0.0,0.0,0.0,0.0,0.0,0.0,0.0,0.0,0.0,0.0,0.0,0.0,61.0,0.0,10.0,1217.0,0.0,0.0,445.0,127.0,7.0,4.0,3.0,2.0,2.0,2.0,2.0,0.0,0.0,0.0,0.0,0.0,0.0,0.0,0.0,0.0,0.0,0.0,0.0,0.0,0.0,0.0,0.0,0.0,0.0,0.0,0.0,0.0,0.0,0.0,0.0,0.0,0.0,0.0,0.0,0.0,0.0,0.0,0.0,0.0,0.0,0.0,0.0,0.0,0.0,0.0,0.0,0.0,0.0,0.0,0.0,0.0,0.0,0.0,0.0,0.0,0.0,0.0,0.0,0.0,0.0,0.0,0.0,0.0,0.0,0.0,0.0,0.0,0.0,0.0,0.0,0.0,0.0,0.0,0.0,0.0,0.0,0.0,0.0,1
1440.0,436.0,231.0,4789.0,2253.0,38681.0,60.0,6.0,2.0,164.0,107.0,0.0,20.0,438.0,0.0,8.0,3.0,235.0,2.0,3552.0,1331.0,15.0,0.0,404.0,422.0,0.0,0.0,0.0,2.0,0.0,2.0,76.0,0.0,3.0,21.0,227.0,0.0,0.0,0.0,0.0,0.0,0.0,2.0,0.0,0.0,0.0,0.0,0.0,0.0,0.0,0.0,0.0,7.0,2.0,0.0,2.0,0.0,0.0,0.0,14.0,0.0,0.0,0.0,3.0,0.0,0.0,3.0,0.0,5.0,0.0,0.0,0.0,0.0,0.0,0.0,0.0,0.0,0.0,0.0,0.0,0.0,0.0,0.0,0.0,0.0,0.0,0.0,0.0,0.0,0.0,0.0,0.0,0.0,0.0,0.0,0.0,0.0,0.0,0.0,0.0,0.0,0.0,0.0,0.0,0.0,0.0,0.0,0.0,0.0,0.0,0.0,0.0,0.0,0.0,0.0,0.0,0.0,0.0,0.0,0.0,0.0,0.0,0.0,0.0,0.0,0.0,0.0,0.0,0.0,0.0,0.0,0.0,0.0,0.0,0.0,0.0,0.0,1
5.0,17.0,49.0,1902.0,1255.0,9234.0,48.0,12.0,11.0,4.0,44.0,0.0,12.0,153.0,0.0,0.0,0.0,20.0,0.0,693.0,64.0,0.0,0.0,0.0,0.0,0.0,0.0,0.0,0.0,0.0,0.0,0.0,0.0,3.0,0.0,2.0,0.0,0.0,0.0,0.0,0.0,0.0,0.0,0.0,0.0,0.0,0.0,0.0,0.0,0.0,0.0,0.0,0.0,0.0,0.0,0.0,0.0,0.0,0.0,0.0,0.0,0.0,0.0,0.0,0.0,0.0,0.0,3.0,0.0,0.0,0.0,0.0,0.0,0.0,0.0,0.0,0.0,0.0,0.0,0.0,0.0,0.0,0.0,0.0,0.0,0.0,0.0,0.0,0.0,0.0,0.0,0.0,0.0,0.0,0.0,0.0,0.0,0.0,0.0,0.0,0.0,0.0,0.0,0.0,0.0,0.0,0.0,0.0,0.0,0.0,0.0,0.0,0.0,0.0,0.0,0.0,0.0,0.0,0.0,0.0,0.0,0.0,0.0,0.0,0.0,0.0,0.0,0.0,0.0,0.0,0.0,0.0,0.0,0.0,0.0,0.0,0.0,1
0.0,14134.0,394.0,7663.0,16469.0,7360.0,226.0,116.0,11.0,26.0,46.0,566.0,85.0,1263.0,0.0,2.0,109.0,2372.0,0.0,498.0,915.0,26.0,2.0,38.0,248.0,0.0,0.0,0.0,4.0,0.0,0.0,54.0,0.0,0.0,765.0,948.0,19.0,5.0,29.0,0.0,12.0,0.0,0.0,0.0,0.0,10.0,16.0,37.0,1.0,13.0,54.0,224.0,53.0,17.0,0.0,0.0,0.0,0.0,0.0,4.0,0.0,0.0,0.0,0.0,0.0,39.0,0.0,2.0,0.0,0.0,0.0,0.0,5.0,0.0,0.0,0.0,22.0,0.0,0.0,0.0,0.0,0.0,0.0,0.0,0.0,0.0,0.0,0.0,0.0,0.0,0.0,0.0,0.0,0.0,0.0,0.0,0.0,0.0,0.0,0.0,0.0,0.0,0.0,0.0,0.0,0.0,0.0,0.0,0.0,0.0,0.0,0.0,0.0,0.0,0.0,0.0,0.0,0.0,0.0,0.0,0.0,0.0,0.0,0.0,0.0,0.0,0.0,0.0,0.0,0.0,0.0,0.0,0.0,0.0,0.0,0.0,0.0,0
0.0,28999.0,938.0,6423.0,4351.0,9982.0,134.0,75.0,0.0,190.0,0.0,0.0,24.0,312.0,1564.0,2.0,56.0,1952.0,3.0,1247.0,1200.0,11.0,48.0,125.0,0.0,0.0,0.0,0.0,0.0,0.0,0.0,116.0,0.0,0.0,110.0,254.0,0.0,0.0,0.0,0.0,0.0,0.0,4.0,0.0,0.0,0.0,0.0,4.0,0.0,0.0,14.0,505.0,4.0,103.0,0.0,0.0,0.0,0.0,82.0,1.0,0.0,0.0,0.0,0.0,0.0,0.0,2301.0,0.0,0.0,0.0,0.0,0.0,16.0,0.0,0.0,0.0,0.0,0.0,0.0,0.0,0.0,0.0,0.0,0.0,0.0,0.0,0.0,0.0,0.0,0.0,0.0,0.0,0.0,0.0,0.0,0.0,0.0,0.0,14.0,0.0,0.0,0.0,0.0,0.0,0.0,0.0,0.0,0.0,0.0,0.0,0.0,0.0,0.0,0.0,0.0,0.0,0.0,0.0,0.0,0.0,0.0,0.0,0.0,0.0,0.0,0.0,0.0,0.0,0.0,0.0,0.0,0.0,0.0,0.0,0.0,0.0,0.0,0
0.0,25.0,9.0,4559.0,4331.0,31305.0,148.0,234.0,0.0,6.0,26.0,0.0,0.0,316.0,0.0,14.0,33.0,253.0,0.0,1935.0,1250.0,12.0,18.0,127.0,12.0,0.0,0.0,0.0,5.0,2.0,0.0,121.0,0.0,0.0,2.0,24.0,0.0,0.0,0.0,0.0,0.0,0.0,0.0,0.0,0.0,0.0,0.0,28.0,0.0,0.0,32.0,0.0,0.0,0.0,0.0,0.0,0.0,0.0,0.0,0.0,0.0,0.0,0.0,0.0,0.0,0.0,10.0,0.0,0.0,0.0,0.0,0.0,0.0,0.0,0.0,0.0,0.0,0.0,0.0,0.0,0.0,0.0,0.0,0.0,0.0,0.0,0.0,0.0,0.0,0.0,0.0,0.0,0.0,0.0,0.0,0.0,0.0,0.0,0.0,0.0,0.0,0.0,0.0,0.0,0.0,0.0,0.0,0.0,0.0,0.0,0.0,0.0,0.0,0.0,0.0,0.0,0.0,0.0,0.0,0.0,0.0,0.0,0.0,0.0,0.0,0.0,0.0,0.0,0.0,0.0,0.0,0.0,0.0,0.0,0.0,0.0,0.0,0
25.0,68.0,1148.0,11498.0,6878.0,31162.0,290.0,32.0,17.0,17.0,34.0,2050.0,82.0,122.0,813.0,0.0,2.0,597.0,6.0,457.0,697.0,57.0,0.0,99.0,2.0,0.0,4.0,0.0,0.0,0.0,5.0,251.0,0.0,2.0,6.0,3.0,0.0,0.0,0.0,0.0,0.0,0.0,56.0,0.0,10.0,0.0,0.0,113.0,0.0,0.0,8.0,109.0,0.0,50.0,7.0,2.0,0.0,0.0,0.0,0.0,0.0,0.0,0.0,0.0,0.0,41.0,22.0,0.0,0.0,0.0,0.0,0.0,0.0,2.0,0.0,0.0,0.0,0.0,0.0,0.0,0.0,0.0,0.0,0.0,0.0,0.0,0.0,0.0,0.0,0.0,0.0,0.0,0.0,0.0,0.0,0.0,0.0,0.0,0.0,0.0,0.0,0.0,0.0,0.0,0.0,0.0,0.0,0.0,0.0,0.0,0.0,0.0,0.0,0.0,0.0,0.0,0.0,0.0,0.0,0.0,0.0,0.0,0.0,0.0,0.0,0.0,0.0,0.0,0.0,0.0,0.0,0.0,0.0,0.0,0.0,0.0,0.0,0
326.0,1795.0,3568.0,62069.0,96186.0,131149.0,2045.0,2888.0,17.0,1344.0,3324.0,56.0,2094.0,4738.0,4680.0,11.0,487.0,12028.0,54.0,12783.0,13707.0,460.0,31.0,1293.0,4157.0,0.0,25.0,4.0,89.0,0.0,36.0,1829.0,0.0,0.0,2417.0,111.0,0.0,3.0,0.0,4.0,40.0,0.0,5.0,0.0,79.0,42.0,64.0,89.0,0.0,54.0,4120.0,1777.0,2.0,554.0,2.0,0.0,11.0,0.0,0.0,0.0,0.0,0.0,0.0,29.0,0.0,1090.0,60.0,1.0,0.0,0.0,0.0,0.0,45.0,0.0,0.0,0.0,155.0,6.0,0.0,0.0,0.0,0.0,0.0,0.0,0.0,0.0,0.0,0.0,0.0,2.0,0.0,0.0,0.0,1.0,0.0,0.0,0.0,77.0,1.0,0.0,0.0,6.0,4.0,110.0,2.0,0.0,53.0,0.0,0.0,0.0,0.0,0.0,0.0,0.0,0.0,0.0,0.0,0.0,0.0,0.0,0.0,0.0,0.0,0.0,0.0,0.0,0.0,0.0,0.0,0.0,0.0,0.0,0.0,0.0,0.0,0.0,0.0,0
38.0,25.0,233.0,3262.0,1503.0,9392.0,260.0,21.0,9.0,0.0,0.0,0.0,50.0,202.0,0.0,0.0,232.0,8.0,0.0,0.0,132.0,2.0,0.0,0.0,0.0,0.0,0.0,0.0,0.0,0.0,0.0,0.0,0.0,1.0,6.0,248.0,0.0,0.0,0.0,0.0,0.0,0.0,0.0,0.0,0.0,0.0,0.0,6.0,0.0,0.0,0.0,0.0,0.0,211.0,0.0,0.0,0.0,0.0,0.0,0.0,0.0,0.0,0.0,2.0,0.0,0.0,0.0,3.0,0.0,0.0,0.0,0.0,0.0,0.0,0.0,0.0,0.0,0.0,0.0,0.0,0.0,0.0,0.0,0.0,0.0,0.0,0.0,0.0,0.0,0.0,0.0,0.0,0.0,0.0,0.0,0.0,0.0,0.0,0.0,0.0,0.0,0.0,0.0,0.0,0.0,0.0,0.0,0.0,0.0,0.0,0.0,0.0,0.0,0.0,0.0,0.0,0.0,0.0,0.0,0.0,0.0,0.0,0.0,0.0,0.0,0.0,0.0,0.0,0.0,0.0,0.0,0.0,0.0,0.0,0.0,0.0,0.0,0
308.0,3283.0,5299.0,65091.0,63638.0,153348.0,844.0,1183.0,10.0,233.0,15.0,55.0,1844.0,2174.0,58.0,4.0,1029.0,866.0,1164.0,17976.0,13893.0,285.0,11.0,361.0,10361.0,0.0,18.0,3.0,4.0,0.0,46.0,5452.0,0.0,0.0,136.0,454.0,0.0,0.0,0.0,2.0,0.0,0.0,8.0,3.0,0.0,0.0,0.0,0.0,0.0,8.0,431.0,43.0,50.0,16.0,4.0,2.0,3.0,0.0,0.0,0.0,0.0,0.0,0.0,124.0,0.0,11.0,42.0,0.0,2.0,0.0,0.0,0.0,0.0,0.0,0.0,0.0,2.0,4.0,0.0,0.0,5.0,0.0,0.0,0.0,0.0,2.0,0.0,0.0,0.0,0.0,0.0,0.0,5.0,0.0,0.0,0.0,0.0,0.0,1.0,0.0,0.0,7.0,4.0,2.0,0.0,0.0,0.0,0.0,0.0,0.0,0.0,0.0,0.0,0.0,0.0,0.0,0.0,0.0,0.0,0.0,0.0,0.0,0.0,0.0,0.0,0.0,0.0,0.0,0.0,0.0,0.0,0.0,0.0,0.0,0.0,0.0,0.0,0
618.0,238.0,2613.0,2449.0,6429.0,2050.0,190.0,41.0,55.0,4.0,14.0,466.0,111.0,779.0,335.0,0.0,599.0,161.0,0.0,307.0,625.0,22.0,0.0,192.0,85.0,0.0,0.0,0.0,198.0,0.0,0.0,41.0,2.0,0.0,31.0,3.0,4.0,0.0,13.0,0.0,2.0,0.0,459.0,0.0,7.0,11.0,0.0,3.0,0.0,3.0,0.0,0.0,0.0,23.0,0.0,0.0,0.0,0.0,0.0,0.0,0.0,0.0,0.0,0.0,0.0,0.0,0.0,0.0,2.0,0.0,0.0,0.0,0.0,0.0,0.0,0.0,0.0,0.0,0.0,0.0,0.0,0.0,0.0,0.0,0.0,0.0,0.0,0.0,0.0,0.0,0.0,0.0,0.0,0.0,0.0,0.0,0.0,0.0,0.0,0.0,0.0,0.0,0.0,0.0,0.0,0.0,0.0,0.0,0.0,0.0,0.0,0.0,0.0,0.0,0.0,0.0,0.0,0.0,0.0,0.0,0.0,0.0,0.0,0.0,0.0,0.0,0.0,0.0,0.0,0.0,0.0,0.0,0.0,0.0,0.0,0.0,0.0,0
9716.0,16.0,210.0,473.0,266.0,55.0,97.0,6.0,64.0,13.0,21.0,2.0,17.0,50.0,1899.0,2.0,7.0,4.0,0.0,14.0,0.0,9.0,0.0,8.0,0.0,0.0,0.0,0.0,1.0,0.0,3.0,0.0,0.0,0.0,0.0,0.0,0.0,0.0,0.0,0.0,0.0,0.0,5.0,0.0,0.0,0.0,0.0,0.0,0.0,0.0,0.0,0.0,2.0,0.0,9.0,0.0,0.0,0.0,0.0,0.0,0.0,0.0,0.0,6.0,0.0,0.0,0.0,0.0,0.0,0.0,0.0,0.0,0.0,1016.0,0.0,0.0,0.0,0.0,0.0,0.0,0.0,0.0,0.0,0.0,0.0,0.0,0.0,0.0,0.0,0.0,0.0,0.0,0.0,0.0,0.0,0.0,0.0,0.0,0.0,0.0,0.0,0.0,0.0,17.0,2.0,0.0,0.0,0.0,0.0,0.0,0.0,0.0,0.0,0.0,0.0,0.0,0.0,0.0,0.0,0.0,0.0,0.0,0.0,0.0,0.0,0.0,0.0,0.0,0.0,0.0,0.0,0.0,0.0,0.0,0.0,0.0,0.0,0
526.0,4947.0,6859.0,111579.0,102643.0,178960.0,436.0,1186.0,3209.0,952.0,4093.0,663.0,1214.0,9762.0,101.0,1134.0,6419.0,17494.0,398.0,5914.0,10504.0,214.0,18.0,551.0,2895.0,102.0,46.0,3.0,18.0,10.0,26.0,1258.0,0.0,0.0,382.0,175.0,43.0,5.0,0.0,9.0,0.0,751.0,7.0,4.0,0.0,0.0,0.0,5.0,0.0,6.0,35.0,1574.0,4.0,4794.0,9.0,17.0,21.0,0.0,0.0,0.0,0.0,0.0,0.0,90.0,0.0,19.0,83.0,5.0,6.0,0.0,0.0,0.0,0.0,0.0,0.0,2.0,3.0,7.0,0.0,0.0,8.0,0.0,0.0,0.0,0.0,0.0,0.0,0.0,0.0,0.0,0.0,0.0,5.0,0.0,0.0,0.0,0.0,5.0,3.0,0.0,0.0,9.0,8.0,2.0,4.0,0.0,0.0,2.0,2.0,0.0,0.0,0.0,0.0,0.0,0.0,0.0,0.0,0.0,0.0,0.0,0.0,0.0,0.0,0.0,0.0,0.0,0.0,0.0,0.0,0.0,0.0,0.0,0.0,0.0,0.0,0.0,0.0,0
210812.0,1905.0,7464.0,59761.0,61435.0,28115.0,6532.0,1270.0,98.0,861.0,18.0,52.0,2320.0,8724.0,5124.0,14.0,211.0,6023.0,17.0,21422.0,2497.0,3160.0,16.0,1677.0,4565.0,3025.0,22.0,6.0,687.0,2.0,1244.0,2323.0,0.0,355.0,2907.0,171.0,0.0,2.0,0.0,2.0,44.0,10.0,1.0,9.0,0.0,7.0,0.0,543.0,0.0,2.0,38.0,1518.0,402.0,23.0,9197.0,1.0,18.0,0.0,4.0,6.0,0.0,0.0,0.0,34607.0,0.0,11.0,64.0,0.0,9.0,0.0,0.0,5.0,2.0,0.0,0.0,8.0,1.0,16.0,0.0,0.0,0.0,0.0,0.0,0.0,0.0,0.0,0.0,0.0,0.0,0.0,0.0,0.0,18.0,19.0,0.0,0.0,0.0,7.0,5.0,0.0,0.0,5.0,4.0,2.0,0.0,0.0,0.0,0.0,3.0,0.0,2.0,0.0,0.0,0.0,0.0,0.0,0.0,0.0,0.0,0.0,0.0,2.0,0.0,0.0,0.0,0.0,0.0,0.0,0.0,0.0,0.0,0.0,0.0,0.0,0.0,0.0,0.0,0
5186.0,14.0,1404.0,6264.0,2042.0,1337.0,858.0,232.0,25.0,35.0,12.0,0.0,67.0,356.0,554.0,9.0,227.0,98.0,0.0,126.0,0.0,2.0,0.0,0.0,9.0,0.0,0.0,0.0,4.0,0.0,0.0,0.0,0.0,0.0,0.0,3.0,0.0,0.0,0.0,0.0,0.0,0.0,37.0,0.0,0.0,0.0,0.0,0.0,0.0,0.0,0.0,0.0,0.0,0.0,0.0,0.0,0.0,0.0,59.0,0.0,0.0,0.0,0.0,0.0,0.0,0.0,0.0,0.0,0.0,0.0,0.0,0.0,0.0,0.0,0.0,0.0,0.0,0.0,0.0,0.0,0.0,0.0,0.0,0.0,0.0,0.0,0.0,0.0,0.0,0.0,0.0,0.0,0.0,0.0,0.0,0.0,0.0,0.0,0.0,0.0,0.0,0.0,0.0,1.0,0.0,0.0,0.0,0.0,0.0,0.0,0.0,0.0,0.0,0.0,0.0,0.0,0.0,0.0,0.0,0.0,0.0,0.0,0.0,0.0,0.0,0.0,0.0,0.0,0.0,0.0,0.0,0.0,0.0,0.0,0.0,0.0,0.0,0
12956.0,4146.0,1028.0,2062.0,1540.0,539.0,254.0,153.0,85.0,161.0,123.0,64.0,52.0,67.0,53.0,27.0,38.0,44.0,16.0,28.0,21.0,9.0,8.0,13.0,9.0,7.0,3.0,2.0,4.0,2.0,2.0,2.0,1.0,1.0,0.0,0.0,0.0,0.0,0.0,0.0,0.0,0.0,0.0,0.0,0.0,0.0,0.0,0.0,0.0,0.0,0.0,0.0,0.0,0.0,0.0,0.0,0.0,0.0,0.0,0.0,0.0,0.0,0.0,0.0,0.0,0.0,0.0,0.0,0.0,0.0,0.0,0.0,0.0,0.0,0.0,0.0,0.0,0.0,0.0,0.0,0.0,0.0,0.0,0.0,0.0,0.0,0.0,0.0,0.0,0.0,0.0,0.0,0.0,0.0,0.0,0.0,0.0,0.0,0.0,0.0,0.0,0.0,0.0,0.0,0.0,0.0,0.0,0.0,0.0,0.0,0.0,0.0,0.0,0.0,0.0,0.0,0.0,0.0,0.0,0.0,0.0,0.0,0.0,0.0,0.0,0.0,0.0,0.0,0.0,0.0,0.0,0.0,0.0,0.0,0.0,0.0,0.0,0
2.0,6.0,76.0,3281.0,824.0,9005.0,25.0,8.0,0.0,0.0,2.0,0.0,0.0,39.0,0.0,2.0,0.0,51.0,0.0,678.0,610.0,2.0,0.0,50.0,0.0,0.0,0.0,0.0,2.0,0.0,0.0,59.0,0.0,0.0,12.0,581.0,0.0,12.0,0.0,0.0,0.0,0.0,473.0,0.0,0.0,0.0,0.0,4.0,0.0,10.0,0.0,0.0,0.0,91.0,0.0,0.0,0.0,0.0,0.0,0.0,0.0,0.0,0.0,0.0,0.0,814.0,12.0,2.0,2.0,0.0,0.0,0.0,0.0,0.0,0.0,0.0,0.0,0.0,0.0,0.0,0.0,0.0,0.0,0.0,0.0,0.0,0.0,0.0,0.0,0.0,0.0,0.0,0.0,0.0,0.0,0.0,0.0,0.0,0.0,0.0,0.0,0.0,0.0,0.0,0.0,0.0,0.0,0.0,0.0,0.0,0.0,0.0,0.0,0.0,0.0,0.0,0.0,0.0,0.0,0.0,0.0,0.0,0.0,0.0,0.0,0.0,0.0,0.0,0.0,0.0,0.0,0.0,0.0,0.0,0.0,0.0,0.0,1
25.0,222.0,1170.0,1373.0,4292.0,9308.0,77.0,9.0,2.0,27.0,0.0,0.0,41.0,57.0,0.0,0.0,263.0,81.0,0.0,1091.0,172.0,56.0,0.0,73.0,2.0,0.0,0.0,0.0,4.0,0.0,15.0,2490.0,0.0,0.0,20.0,1226.0,53.0,0.0,0.0,0.0,0.0,0.0,0.0,13.0,0.0,0.0,0.0,13.0,0.0,0.0,0.0,0.0,385.0,300.0,15.0,0.0,0.0,0.0,0.0,4.0,0.0,0.0,0.0,1191.0,0.0,0.0,4.0,2.0,4.0,0.0,0.0,0.0,0.0,0.0,2.0,3.0,4.0,0.0,0.0,0.0,0.0,0.0,0.0,0.0,0.0,0.0,0.0,0.0,0.0,0.0,0.0,5.0,3.0,2.0,0.0,0.0,0.0,0.0,0.0,0.0,0.0,0.0,0.0,0.0,0.0,0.0,0.0,0.0,0.0,0.0,0.0,0.0,0.0,0.0,0.0,0.0,0.0,0.0,0.0,0.0,0.0,0.0,0.0,0.0,0.0,0.0,0.0,0.0,0.0,0.0,0.0,0.0,0.0,0.0,0.0,0.0,0.0,1
208.0,5390.0,151.0,5208.0,10032.0,5659.0,200.0,109.0,0.0,9.0,46.0,0.0,73.0,860.0,0.0,11.0,442.0,1082.0,0.0,375.0,205.0,55.0,2.0,38.0,154.0,21.0,0.0,0.0,20.0,0.0,2.0,55.0,0.0,1.0,86.0,17.0,2.0,2.0,0.0,0.0,4.0,0.0,0.0,2.0,0.0,0.0,0.0,2.0,0.0,0.0,0.0,132.0,93.0,2.0,2.0,1.0,0.0,0.0,0.0,0.0,0.0,0.0,0.0,0.0,0.0,0.0,0.0,0.0,0.0,0.0,0.0,0.0,0.0,0.0,0.0,0.0,0.0,0.0,0.0,0.0,0.0,0.0,0.0,0.0,0.0,0.0,0.0,0.0,0.0,0.0,0.0,0.0,0.0,0.0,0.0,0.0,0.0,0.0,0.0,0.0,0.0,0.0,0.0,0.0,0.0,0.0,0.0,0.0,0.0,0.0,0.0,0.0,0.0,0.0,0.0,0.0,0.0,0.0,0.0,0.0,0.0,0.0,0.0,0.0,0.0,0.0,0.0,0.0,0.0,0.0,0.0,0.0,0.0,0.0,0.0,0.0,0.0,1
261.0,27.0,299.0,3574.0,2234.0,2529.0,169.0,50.0,0.0,13.0,155.0,0.0,131.0,157.0,11.0,0.0,158.0,31.0,6.0,93.0,673.0,62.0,0.0,148.0,235.0,0.0,0.0,0.0,2.0,0.0,16.0,37.0,0.0,0.0,0.0,1297.0,0.0,0.0,0.0,0.0,0.0,0.0,2.0,0.0,0.0,0.0,0.0,0.0,0.0,0.0,78.0,0.0,91.0,0.0,8.0,0.0,0.0,0.0,0.0,0.0,2.0,0.0,0.0,192.0,0.0,157.0,12.0,1.0,0.0,0.0,0.0,0.0,0.0,1691.0,2.0,2.0,0.0,0.0,0.0,0.0,0.0,0.0,0.0,0.0,0.0,0.0,0.0,0.0,0.0,0.0,0.0,0.0,0.0,0.0,0.0,0.0,0.0,0.0,0.0,0.0,0.0,0.0,0.0,0.0,0.0,0.0,0.0,0.0,0.0,0.0,0.0,0.0,0.0,0.0,0.0,0.0,0.0,0.0,0.0,0.0,0.0,0.0,0.0,0.0,0.0,0.0,0.0,0.0,0.0,0.0,0.0,0.0,0.0,0.0,0.0,0.0,0.0,1
1605.0,4666.0,5012.0,100159.0,91847.0,153320.0,19771.0,737.0,20.0,2499.0,23451.0,152.0,2188.0,10064.0,93.0,98.0,150.0,18287.0,61.0,14259.0,50085.0,1093.0,19.0,2744.0,37062.0,2.0,17094.0,7.0,300.0,9.0,197.0,3431.0,0.0,2.0,13622.0,4266.0,0.0,4497.0,0.0,53.0,26.0,0.0,10.0,15.0,0.0,0.0,85.0,534.0,1.0,972.0,4025.0,156.0,23.0,639.0,199.0,10.0,27.0,0.0,2.0,0.0,0.0,0.0,0.0,533.0,0.0,3166.0,60.0,4.0,9.0,0.0,0.0,0.0,6.0,0.0,0.0,0.0,2692.0,6.0,0.0,0.0,15.0,0.0,0.0,0.0,0.0,0.0,0.0,0.0,0.0,0.0,0.0,0.0,2.0,4.0,0.0,0.0,0.0,0.0,10.0,0.0,0.0,10.0,4.0,2.0,5.0,0.0,0.0,0.0,0.0,0.0,0.0,0.0,2.0,0.0,0.0,0.0,0.0,0.0,0.0,0.0,0.0,0.0,0.0,0.0,0.0,0.0,0.0,0.0,0.0,0.0,0.0,0.0,0.0,0.0,0.0,0.0,0.0,0
1359.0,395.0,322.0,2425.0,7486.0,1183.0,229.0,93.0,11.0,43.0,82.0,110.0,40.0,354.0,138.0,0.0,181.0,164.0,24.0,235.0,146.0,26.0,63.0,121.0,0.0,0.0,0.0,0.0,34.0,2.0,4.0,20.0,0.0,0.0,1016.0,125.0,66.0,39.0,17.0,17.0,18.0,8.0,7.0,4.0,4.0,4.0,3.0,5.0,2.0,2.0,2.0,0.0,0.0,0.0,0.0,0.0,0.0,0.0,0.0,0.0,0.0,0.0,0.0,0.0,0.0,0.0,0.0,0.0,0.0,0.0,0.0,0.0,0.0,0.0,0.0,0.0,0.0,0.0,0.0,0.0,0.0,0.0,0.0,0.0,0.0,0.0,0.0,0.0,0.0,0.0,0.0,0.0,0.0,0.0,0.0,0.0,0.0,0.0,0.0,0.0,0.0,0.0,0.0,0.0,0.0,0.0,0.0,0.0,0.0,0.0,0.0,0.0,0.0,0.0,0.0,0.0,0.0,0.0,0.0,0.0,0.0,0.0,0.0,0.0,0.0,0.0,0.0,0.0,0.0,0.0,0.0,0.0,0.0,0.0,0.0,0.0,0.0,0
94.0,38.0,287.0,6800.0,2475.0,8910.0,1049.0,472.0,19.0,17.0,1185.0,0.0,127.0,3.0,0.0,0.0,34.0,56.0,0.0,1109.0,626.0,8.0,0.0,46.0,237.0,0.0,3.0,0.0,10.0,3.0,36.0,112.0,0.0,0.0,2.0,12.0,0.0,0.0,0.0,0.0,0.0,0.0,2.0,0.0,0.0,0.0,0.0,0.0,0.0,0.0,1331.0,0.0,8.0,0.0,29.0,0.0,0.0,0.0,0.0,0.0,0.0,0.0,0.0,210.0,0.0,691.0,0.0,2.0,2.0,0.0,0.0,0.0,0.0,0.0,1.0,0.0,0.0,0.0,0.0,0.0,0.0,0.0,0.0,0.0,0.0,0.0,0.0,0.0,0.0,0.0,0.0,0.0,0.0,0.0,0.0,0.0,0.0,0.0,0.0,0.0,0.0,0.0,0.0,0.0,0.0,0.0,0.0,0.0,0.0,0.0,0.0,0.0,0.0,0.0,0.0,0.0,0.0,0.0,0.0,0.0,0.0,0.0,0.0,0.0,0.0,0.0,0.0,0.0,0.0,0.0,0.0,0.0,0.0,0.0,0.0,0.0,0.0,0
2859.0,3405.0,4550.0,59065.0,78268.0,75232.0,2412.0,2180.0,54.0,104.0,216.0,1291.0,2683.0,17555.0,95.0,128.0,3698.0,67558.0,80.0,13464.0,26817.0,1165.0,27.0,1401.0,20571.0,1916.0,24.0,6.0,15216.0,8.0,1299.0,27331.0,0.0,0.0,38117.0,18428.0,238.0,464.0,591.0,416.0,259.0,0.0,278.0,33.0,33.0,1.0,105.0,233.0,114.0,557.0,505.0,13428.0,99.0,28.0,49.0,14.0,24.0,0.0,2.0,0.0,0.0,0.0,0.0,3815.0,0.0,8.0,114.0,8.0,5.0,0.0,0.0,2.0,59.0,0.0,0.0,2.0,583.0,10.0,0.0,0.0,8.0,15.0,0.0,0.0,0.0,0.0,0.0,0.0,0.0,1.0,0.0,1730.0,2.0,0.0,0.0,0.0,0.0,30.0,5.0,0.0,0.0,5.0,9.0,256.0,0.0,3.0,217.0,0.0,0.0,14.0,0.0,0.0,0.0,10.0,2.0,0.0,0.0,0.0,0.0,0.0,0.0,0.0,0.0,0.0,0.0,0.0,0.0,0.0,0.0,0.0,0.0,0.0,0.0,0.0,0.0,0.0,0.0,0
34.0,16.0,545.0,3380.0,1936.0,3315.0,55.0,46.0,0.0,192.0,0.0,0.0,192.0,116.0,10.0,643.0,255.0,100.0,0.0,19.0,0.0,7.0,0.0,49.0,0.0,0.0,20.0,0.0,0.0,4.0,2.0,0.0,0.0,3.0,5.0,0.0,0.0,0.0,0.0,0.0,0.0,0.0,0.0,0.0,0.0,0.0,0.0,0.0,0.0,0.0,0.0,0.0,2.0,0.0,6.0,0.0,0.0,0.0,15.0,2.0,0.0,0.0,0.0,266.0,0.0,0.0,0.0,0.0,0.0,0.0,0.0,0.0,0.0,0.0,0.0,0.0,0.0,0.0,0.0,0.0,5.0,2.0,0.0,0.0,0.0,0.0,0.0,0.0,0.0,0.0,0.0,0.0,0.0,0.0,2.0,2.0,0.0,0.0,0.0,0.0,0.0,0.0,0.0,0.0,0.0,0.0,0.0,0.0,0.0,0.0,0.0,0.0,0.0,0.0,0.0,0.0,0.0,0.0,0.0,0.0,0.0,0.0,0.0,0.0,0.0,0.0,0.0,0.0,0.0,0.0,0.0,0.0,0.0,0.0,0.0,0.0,0.0,1
5401.0,13.0,274.0,1078.0,1318.0,1615.0,9.0,28.0,0.0,7.0,39.0,0.0,25.0,266.0,0.0,0.0,0.0,569.0,0.0,744.0,179.0,2.0,0.0,23.0,31.0,0.0,0.0,0.0,4.0,0.0,0.0,21.0,0.0,0.0,11.0,241.0,0.0,0.0,0.0,0.0,0.0,0.0,0.0,0.0,2.0,0.0,0.0,3.0,0.0,0.0,0.0,0.0,0.0,33.0,0.0,0.0,0.0,0.0,0.0,0.0,0.0,0.0,0.0,0.0,0.0,0.0,20.0,0.0,0.0,0.0,0.0,0.0,5.0,0.0,0.0,0.0,0.0,0.0,0.0,0.0,0.0,0.0,0.0,0.0,0.0,13.0,0.0,0.0,0.0,0.0,0.0,0.0,0.0,0.0,0.0,0.0,4.0,2.0,0.0,0.0,0.0,0.0,0.0,0.0,0.0,0.0,0.0,0.0,0.0,0.0,0.0,0.0,0.0,0.0,0.0,0.0,0.0,0.0,0.0,0.0,0.0,0.0,0.0,0.0,0.0,0.0,0.0,0.0,0.0,0.0,0.0,0.0,0.0,0.0,0.0,0.0,0.0,0
32.0,19.0,896.0,6850.0,1737.0,19564.0,217.0,183.0,0.0,17.0,0.0,0.0,26.0,338.0,0.0,0.0,2.0,9.0,13.0,381.0,427.0,4.0,0.0,0.0,0.0,0.0,4.0,0.0,0.0,0.0,0.0,64.0,0.0,0.0,2.0,0.0,0.0,0.0,0.0,0.0,0.0,3.0,0.0,0.0,0.0,0.0,0.0,0.0,0.0,0.0,151.0,0.0,0.0,1486.0,2.0,3.0,0.0,0.0,0.0,2.0,0.0,0.0,0.0,14.0,0.0,0.0,31.0,0.0,2.0,0.0,0.0,0.0,2.0,0.0,2.0,0.0,0.0,0.0,0.0,0.0,0.0,0.0,0.0,0.0,0.0,15.0,0.0,0.0,0.0,0.0,0.0,0.0,0.0,0.0,0.0,0.0,0.0,0.0,0.0,2.0,0.0,0.0,0.0,0.0,0.0,0.0,0.0,0.0,0.0,0.0,0.0,0.0,0.0,0.0,0.0,0.0,0.0,0.0,0.0,0.0,0.0,0.0,0.0,0.0,0.0,0.0,0.0,0.0,0.0,0.0,0.0,0.0,0.0,0.0,0.0,0.0,0.0,0
374.0,2660.0,37233.0,146598.0,118608.0,63014.0,7179.0,962.0,15.0,163.0,0.0,89.0,2061.0,4167.0,1461.0,56.0,6688.0,14198.0,114.0,9232.0,41010.0,2571.0,16.0,5691.0,47.0,0.0,22.0,8.0,392.0,0.0,17.0,7157.0,0.0,0.0,483.0,14708.0,2.0,297.0,23.0,19.0,38.0,7.0,891.0,4.0,333.0,0.0,7.0,215.0,0.0,127.0,670.0,53.0,5.0,16750.0,7.0,11.0,11.0,2.0,2.0,1.0,0.0,0.0,0.0,77.0,0.0,721.0,100.0,0.0,12.0,0.0,0.0,0.0,4.0,0.0,0.0,0.0,144.0,11.0,0.0,0.0,0.0,0.0,0.0,0.0,0.0,2.0,0.0,0.0,0.0,0.0,0.0,0.0,0.0,0.0,0.0,0.0,0.0,22.0,11.0,0.0,0.0,2.0,5.0,3.0,0.0,0.0,1251.0,0.0,0.0,2.0,2.0,0.0,0.0,0.0,0.0,0.0,0.0,0.0,0.0,0.0,0.0,0.0,0.0,0.0,0.0,0.0,0.0,0.0,0.0,0.0,0.0,0.0,0.0,0.0,0.0,0.0,0.0,0
869.0,1385.0,839.0,51052.0,34413.0,84644.0,1021.0,735.0,67.0,150.0,0.0,20.0,90.0,1345.0,81452.0,3.0,546.0,5263.0,6.0,3204.0,5200.0,297.0,6.0,190.0,143.0,0.0,3.0,0.0,53.0,0.0,17.0,611.0,0.0,26.0,674.0,405.0,30.0,316.0,0.0,10.0,6.0,0.0,0.0,10.0,28.0,0.0,27.0,24.0,0.0,1481.0,1663.0,145.0,71.0,847.0,16.0,3.0,10.0,0.0,0.0,0.0,0.0,0.0,0.0,224.0,0.0,4893.0,75.0,0.0,0.0,0.0,0.0,2.0,0.0,0.0,0.0,0.0,202.0,3.0,0.0,0.0,0.0,3.0,0.0,0.0,0.0,0.0,0.0,0.0,0.0,0.0,0.0,0.0,0.0,0.0,0.0,0.0,0.0,0.0,7.0,0.0,0.0,7.0,0.0,0.0,0.0,0.0,0.0,0.0,2.0,0.0,0.0,0.0,0.0,0.0,0.0,0.0,0.0,0.0,0.0,0.0,0.0,0.0,0.0,0.0,0.0,0.0,0.0,0.0,0.0,0.0,0.0,0.0,0.0,0.0,0.0,0.0,0.0,0
19.0,21.0,333.0,4134.0,1396.0,6181.0,31.0,20.0,27.0,31.0,0.0,0.0,68.0,271.0,181.0,0.0,659.0,5.0,0.0,140.0,106.0,8.0,0.0,0.0,52.0,0.0,0.0,0.0,1.0,2.0,0.0,0.0,0.0,0.0,0.0,2.0,0.0,0.0,0.0,2.0,0.0,0.0,0.0,0.0,0.0,0.0,0.0,0.0,0.0,0.0,0.0,0.0,2.0,331.0,0.0,0.0,0.0,0.0,0.0,0.0,0.0,0.0,0.0,4.0,0.0,0.0,0.0,0.0,0.0,0.0,0.0,0.0,0.0,0.0,0.0,0.0,0.0,0.0,0.0,0.0,0.0,0.0,0.0,0.0,0.0,0.0,0.0,0.0,0.0,0.0,0.0,0.0,0.0,0.0,0.0,0.0,0.0,0.0,0.0,0.0,0.0,0.0,0.0,0.0,0.0,0.0,0.0,0.0,0.0,0.0,0.0,0.0,0.0,0.0,0.0,0.0,0.0,0.0,0.0,0.0,0.0,0.0,0.0,0.0,0.0,0.0,0.0,0.0,0.0,0.0,0.0,0.0,0.0,0.0,0.0,0.0,0.0,0
65.0,469.0,40.0,9158.0,1066.0,33558.0,770.0,26.0,2.0,34.0,7.0,11.0,150.0,0.0,10.0,2.0,49.0,171.0,0.0,805.0,1053.0,2.0,0.0,244.0,8.0,800.0,8.0,0.0,2.0,2.0,2.0,307.0,0.0,0.0,6.0,2691.0,0.0,0.0,0.0,0.0,0.0,0.0,0.0,0.0,0.0,0.0,0.0,0.0,0.0,0.0,0.0,12.0,2.0,5.0,3.0,0.0,2.0,0.0,2.0,0.0,0.0,0.0,0.0,44.0,0.0,31.0,16.0,2.0,0.0,0.0,0.0,0.0,0.0,0.0,0.0,0.0,0.0,0.0,0.0,0.0,0.0,0.0,0.0,0.0,0.0,0.0,0.0,0.0,0.0,0.0,0.0,0.0,0.0,0.0,0.0,0.0,0.0,0.0,3.0,0.0,0.0,0.0,0.0,0.0,0.0,0.0,0.0,0.0,0.0,0.0,0.0,0.0,0.0,0.0,0.0,0.0,0.0,0.0,0.0,0.0,0.0,0.0,0.0,0.0,0.0,0.0,0.0,0.0,0.0,0.0,0.0,0.0,0.0,0.0,0.0,0.0,0.0,0
23021.0,1064.0,4666.0,36865.0,13412.0,42350.0,1100.0,1055.0,180.0,176.0,15.0,1290.0,431.0,303.0,45.0,660.0,85.0,511.0,0.0,23676.0,1213.0,9346.0,10.0,31.0,1356.0,0.0,18.0,3.0,24.0,0.0,6321.0,325.0,0.0,0.0,62.0,62.0,0.0,6.0,2.0,2.0,0.0,8.0,4.0,0.0,1.0,0.0,0.0,361.0,0.0,0.0,34.0,43.0,2315.0,1082.0,868.0,0.0,10.0,0.0,14.0,86.0,0.0,0.0,0.0,99144.0,0.0,10.0,47.0,0.0,0.0,0.0,0.0,0.0,14.0,0.0,27.0,0.0,1.0,8.0,0.0,0.0,6.0,0.0,0.0,0.0,0.0,0.0,0.0,0.0,0.0,1.0,0.0,0.0,0.0,214.0,0.0,0.0,0.0,0.0,0.0,0.0,0.0,5.0,2.0,2.0,2.0,23.0,0.0,0.0,0.0,0.0,0.0,0.0,0.0,0.0,0.0,0.0,0.0,0.0,0.0,0.0,0.0,0.0,0.0,0.0,0.0,0.0,0.0,0.0,0.0,0.0,0.0,0.0,0.0,0.0,0.0,0.0,0.0,0
307.0,1884.0,1814.0,54065.0,89437.0,147304.0,1010.0,378.0,23.0,116.0,1971.0,24767.0,1247.0,2471.0,54.0,9.0,4087.0,25646.0,3.0,9150.0,9473.0,354.0,10.0,621.0,4619.0,1.0,23.0,4.0,45.0,2.0,3.0,2370.0,0.0,0.0,17808.0,6608.0,183.0,327.0,0.0,13.0,52.0,0.0,23.0,4.0,48.0,0.0,70.0,76.0,14.0,397.0,1545.0,2268.0,10.0,155.0,0.0,3.0,11.0,0.0,5.0,2.0,0.0,0.0,0.0,48.0,0.0,1172.0,69.0,6.0,6.0,0.0,0.0,0.0,0.0,0.0,0.0,0.0,601.0,72.0,0.0,0.0,8.0,0.0,2.0,0.0,0.0,2.0,0.0,0.0,0.0,2.0,0.0,0.0,0.0,0.0,0.0,0.0,0.0,12.0,11.0,0.0,0.0,0.0,6.0,624.0,0.0,0.0,158.0,0.0,0.0,0.0,0.0,0.0,0.0,7.0,0.0,0.0,0.0,0.0,0.0,0.0,0.0,0.0,0.0,0.0,0.0,0.0,0.0,0.0,0.0,0.0,0.0,0.0,0.0,0.0,0.0,0.0,0.0,0
832.0,2316.0,4568.0,109960.0,97096.0,121190.0,3500.0,855.0,12.0,612.0,192.0,61.0,13178.0,4493.0,61.0,30.0,8288.0,2384.0,34.0,2369.0,4377.0,2037.0,5.0,173.0,35.0,3.0,34.0,3.0,274.0,0.0,410.0,651.0,0.0,0.0,2994.0,8273.0,2.0,2.0,0.0,4.0,12.0,5.0,2.0,10.0,0.0,0.0,19.0,437.0,0.0,3.0,29.0,253.0,13611.0,31.0,110.0,13.0,12.0,0.0,7.0,149.0,0.0,0.0,0.0,15216.0,0.0,15.0,74.0,2.0,7.0,0.0,0.0,37.0,3.0,0.0,0.0,0.0,1.0,8.0,0.0,0.0,0.0,2.0,0.0,0.0,0.0,2.0,0.0,0.0,0.0,4.0,0.0,0.0,3.0,17.0,0.0,0.0,0.0,0.0,2.0,0.0,0.0,11.0,0.0,2.0,0.0,0.0,0.0,0.0,0.0,0.0,0.0,0.0,0.0,0.0,0.0,0.0,0.0,0.0,0.0,0.0,0.0,0.0,0.0,0.0,0.0,0.0,0.0,0.0,0.0,0.0,0.0,0.0,0.0,0.0,0.0,0.0,0.0,0
1633.0,2869.0,6691.0,50267.0,15973.0,296572.0,10770.0,589.0,15.0,61.0,34206.0,120.0,399.0,1537.0,379.0,7.0,289.0,792.0,7.0,16858.0,4018.0,54.0,16.0,2782.0,4570.0,3.0,26.0,4.0,15.0,0.0,11.0,1605.0,0.0,5.0,104.0,132.0,3.0,7.0,0.0,7.0,0.0,0.0,1.0,0.0,0.0,0.0,0.0,2.0,0.0,7.0,39399.0,72.0,9.0,383.0,6.0,3.0,25.0,0.0,0.0,2.0,0.0,0.0,0.0,90.0,0.0,181.0,54.0,3.0,5.0,0.0,0.0,0.0,4.0,0.0,0.0,0.0,4.0,8.0,0.0,2.0,0.0,0.0,0.0,0.0,0.0,0.0,0.0,0.0,0.0,0.0,0.0,0.0,0.0,0.0,0.0,0.0,0.0,0.0,11.0,0.0,0.0,5.0,2.0,0.0,0.0,0.0,0.0,0.0,0.0,0.0,0.0,0.0,0.0,0.0,0.0,0.0,0.0,0.0,0.0,0.0,0.0,0.0,0.0,0.0,0.0,0.0,0.0,0.0,0.0,0.0,0.0,0.0,0.0,0.0,0.0,0.0,0.0,0
724.0,2226.0,5525.0,78627.0,40856.0,224540.0,3384.0,2534.0,11.0,128.0,1.0,77.0,989.0,5892.0,65.0,11.0,99.0,2233.0,225.0,2345.0,23308.0,1154.0,7.0,1258.0,1202.0,0.0,314.0,6.0,246.0,2.0,16.0,1258.0,0.0,18.0,541.0,14663.0,0.0,5.0,0.0,5.0,0.0,3.0,12.0,5.0,0.0,0.0,0.0,272.0,0.0,2.0,4855.0,916.0,9.0,7074.0,39.0,0.0,13.0,0.0,0.0,1.0,0.0,0.0,0.0,235.0,0.0,19.0,77.0,2.0,0.0,0.0,0.0,0.0,2.0,0.0,0.0,0.0,20.0,4.0,0.0,0.0,2.0,9.0,0.0,0.0,0.0,3.0,0.0,0.0,0.0,0.0,0.0,0.0,0.0,5.0,0.0,0.0,0.0,0.0,6.0,0.0,2.0,2.0,6.0,0.0,3.0,0.0,0.0,0.0,0.0,0.0,2.0,0.0,0.0,0.0,0.0,0.0,0.0,0.0,0.0,0.0,0.0,0.0,0.0,0.0,0.0,0.0,0.0,0.0,0.0,0.0,0.0,0.0,0.0,0.0,0.0,0.0,0.0,0
512.0,2291.0,16552.0,19723.0,1336.0,168507.0,2603.0,3637.0,6.0,181.0,5994.0,366.0,397.0,31.0,45.0,2.0,95.0,346.0,3.0,13132.0,350.0,22.0,7.0,238.0,220.0,0.0,126937.0,3.0,10.0,0.0,25.0,94.0,0.0,9.0,47.0,89.0,0.0,0.0,0.0,2.0,2.0,0.0,4.0,2.0,0.0,0.0,0.0,0.0,0.0,0.0,194.0,45.0,35.0,8.0,9.0,2.0,11.0,0.0,0.0,10.0,0.0,0.0,0.0,715.0,0.0,15.0,51.0,0.0,4.0,0.0,0.0,4.0,2.0,0.0,0.0,0.0,7.0,3.0,0.0,0.0,0.0,2.0,0.0,0.0,0.0,0.0,0.0,0.0,0.0,0.0,0.0,0.0,0.0,0.0,0.0,0.0,0.0,0.0,5.0,0.0,0.0,0.0,0.0,0.0,0.0,0.0,0.0,0.0,0.0,0.0,0.0,0.0,0.0,0.0,0.0,0.0,0.0,0.0,0.0,0.0,0.0,0.0,0.0,0.0,0.0,0.0,0.0,0.0,0.0,0.0,0.0,0.0,0.0,0.0,0.0,0.0,0.0,0
1977.0,2951.0,2104.0,106012.0,103662.0,250669.0,1702.0,798.0,236.0,1948.0,0.0,125.0,218.0,1815.0,97.0,13.0,227.0,495.0,94.0,15132.0,25380.0,194.0,15.0,26.0,64.0,5619.0,28.0,3.0,105.0,2.0,34.0,1724.0,0.0,8.0,82.0,3020.0,2.0,9.0,0.0,6.0,0.0,0.0,0.0,0.0,0.0,2.0,0.0,159.0,0.0,5.0,43.0,83.0,11.0,0.0,293.0,2.0,23.0,0.0,0.0,2.0,0.0,0.0,0.0,142.0,0.0,23.0,82.0,7.0,10.0,0.0,0.0,0.0,1.0,0.0,0.0,0.0,0.0,6.0,0.0,0.0,36.0,0.0,0.0,0.0,0.0,0.0,0.0,0.0,0.0,2.0,0.0,0.0,0.0,0.0,0.0,0.0,0.0,0.0,10.0,0.0,2.0,10.0,5.0,2.0,2.0,0.0,508.0,0.0,2.0,0.0,0.0,0.0,0.0,0.0,0.0,0.0,0.0,0.0,0.0,0.0,0.0,0.0,0.0,0.0,0.0,0.0,0.0,0.0,0.0,0.0,0.0,0.0,0.0,0.0,0.0,0.0,0.0,0
4466.0,55.0,262.0,1576.0,1895.0,1787.0,211.0,64.0,95.0,104.0,491.0,0.0,16.0,315.0,0.0,0.0,0.0,43.0,0.0,356.0,204.0,10.0,0.0,31.0,166.0,0.0,518.0,0.0,0.0,0.0,0.0,53.0,0.0,7.0,0.0,86.0,0.0,0.0,0.0,0.0,0.0,0.0,0.0,0.0,0.0,0.0,0.0,0.0,0.0,4.0,63.0,0.0,0.0,8.0,0.0,0.0,0.0,0.0,0.0,0.0,0.0,0.0,0.0,3.0,0.0,35.0,0.0,0.0,0.0,0.0,0.0,0.0,0.0,0.0,0.0,0.0,0.0,0.0,0.0,0.0,0.0,0.0,0.0,0.0,0.0,0.0,0.0,0.0,0.0,0.0,0.0,0.0,0.0,0.0,0.0,0.0,0.0,0.0,0.0,0.0,0.0,0.0,0.0,0.0,0.0,0.0,0.0,0.0,0.0,0.0,0.0,0.0,0.0,0.0,0.0,0.0,0.0,0.0,0.0,0.0,0.0,0.0,0.0,0.0,0.0,0.0,0.0,0.0,0.0,0.0,0.0,0.0,0.0,0.0,0.0,0.0,0.0,0
11.0,14.0,625.0,3341.0,2028.0,10870.0,132.0,120.0,4.0,10.0,491.0,0.0,14.0,67.0,0.0,0.0,19.0,30.0,3.0,655.0,456.0,4.0,0.0,77.0,206.0,0.0,0.0,0.0,5.0,0.0,0.0,70.0,0.0,0.0,4.0,9.0,0.0,0.0,0.0,0.0,0.0,0.0,0.0,0.0,0.0,0.0,0.0,0.0,0.0,0.0,6.0,0.0,0.0,34.0,0.0,0.0,0.0,0.0,0.0,0.0,0.0,0.0,0.0,2.0,0.0,0.0,0.0,7.0,0.0,0.0,0.0,0.0,0.0,0.0,0.0,0.0,0.0,0.0,0.0,0.0,3.0,0.0,0.0,0.0,0.0,0.0,0.0,0.0,0.0,0.0,0.0,0.0,0.0,0.0,0.0,0.0,0.0,0.0,0.0,0.0,0.0,0.0,0.0,0.0,0.0,0.0,0.0,0.0,0.0,0.0,0.0,0.0,0.0,0.0,0.0,0.0,0.0,0.0,0.0,0.0,0.0,0.0,0.0,0.0,0.0,0.0,0.0,0.0,0.0,0.0,0.0,0.0,0.0,0.0,0.0,0.0,0.0,0
4026.0,4238.0,3912.0,105698.0,77149.0,195935.0,4614.0,1588.0,7.0,712.0,13275.0,102.0,2955.0,2675.0,45167.0,4223.0,3923.0,1558.0,43.0,9493.0,35168.0,399.0,102.0,581.0,1257.0,2.0,52.0,5.0,5.0,10.0,324.0,1436.0,0.0,67.0,185.0,169.0,2.0,4.0,0.0,3.0,0.0,0.0,15.0,6.0,0.0,2.0,0.0,7.0,0.0,2.0,39.0,91.0,603.0,2.0,319.0,0.0,18.0,0.0,0.0,20.0,0.0,0.0,0.0,2747.0,0.0,21.0,56.0,2.0,7.0,0.0,0.0,16.0,0.0,0.0,0.0,0.0,0.0,9.0,0.0,0.0,2.0,3.0,0.0,0.0,0.0,0.0,0.0,0.0,0.0,1.0,0.0,0.0,21.0,303.0,0.0,0.0,0.0,0.0,2.0,0.0,2.0,4.0,4.0,4.0,0.0,0.0,0.0,0.0,0.0,0.0,0.0,19.0,0.0,0.0,0.0,0.0,0.0,0.0,0.0,0.0,0.0,0.0,0.0,0.0,0.0,0.0,0.0,0.0,0.0,0.0,0.0,0.0,0.0,0.0,0.0,0.0,0.0,0
2211.0,3446.0,79978.0,64604.0,5549.0,213999.0,194.0,1887.0,155.0,6545.0,23492.0,75.0,1793.0,957.0,93.0,534.0,2086.0,237.0,18.0,1386.0,252.0,58.0,56.0,220.0,41.0,0.0,74.0,4.0,16.0,71.0,145.0,23.0,0.0,4.0,80.0,144.0,0.0,5.0,0.0,6.0,2.0,0.0,5.0,0.0,0.0,0.0,0.0,2.0,0.0,3.0,41.0,72.0,23.0,0.0,35.0,18.0,23.0,0.0,553.0,4.0,0.0,0.0,57.0,754.0,0.0,19.0,44.0,2.0,9.0,0.0,0.0,0.0,0.0,0.0,0.0,0.0,6.0,25.0,0.0,0.0,0.0,1.0,0.0,0.0,0.0,0.0,0.0,0.0,0.0,5.0,0.0,0.0,0.0,0.0,0.0,0.0,0.0,0.0,15.0,0.0,0.0,4.0,2.0,2.0,0.0,231.0,0.0,0.0,0.0,0.0,0.0,0.0,0.0,0.0,0.0,0.0,0.0,0.0,0.0,0.0,0.0,0.0,0.0,0.0,0.0,0.0,0.0,0.0,0.0,0.0,0.0,0.0,0.0,0.0,0.0,0.0,0.0,0
319987.0,2565.0,3342.0,36826.0,22411.0,23090.0,740.0,78.0,7.0,57.0,3040.0,64.0,268.0,2166.0,28139.0,8.0,88.0,646.0,4.0,375.0,992.0,115.0,7.0,23.0,34.0,0.0,20.0,7.0,244.0,2.0,18.0,732.0,0.0,0.0,99.0,143.0,0.0,3.0,0.0,2.0,0.0,0.0,6.0,0.0,0.0,2.0,0.0,72.0,0.0,2.0,46.0,62.0,24.0,126.0,2.0,0.0,15.0,0.0,0.0,0.0,0.0,0.0,0.0,55.0,0.0,427.0,88.0,0.0,2.0,0.0,0.0,0.0,0.0,0.0,0.0,0.0,0.0,5.0,0.0,0.0,0.0,0.0,0.0,0.0,0.0,0.0,0.0,0.0,0.0,0.0,0.0,0.0,0.0,0.0,0.0,0.0,0.0,0.0,8.0,0.0,0.0,6.0,4.0,0.0,2.0,0.0,0.0,0.0,0.0,0.0,2.0,0.0,0.0,0.0,0.0,0.0,0.0,0.0,0.0,0.0,0.0,0.0,0.0,0.0,0.0,0.0,0.0,0.0,0.0,0.0,0.0,0.0,0.0,0.0,0.0,0.0,0.0,0
26.0,22.0,211.0,2742.0,2489.0,3884.0,162.0,44.0,2.0,15.0,0.0,0.0,47.0,94.0,0.0,0.0,32.0,875.0,2.0,160.0,554.0,7.0,0.0,15.0,3.0,0.0,0.0,0.0,16.0,0.0,0.0,44.0,1.0,0.0,47.0,52.0,0.0,0.0,0.0,3.0,0.0,0.0,0.0,2.0,0.0,0.0,0.0,4.0,0.0,0.0,0.0,0.0,0.0,273.0,0.0,0.0,0.0,0.0,0.0,0.0,0.0,0.0,3.0,27.0,0.0,0.0,10.0,0.0,0.0,0.0,0.0,0.0,2.0,0.0,0.0,0.0,0.0,0.0,0.0,0.0,0.0,0.0,0.0,0.0,0.0,11.0,0.0,0.0,0.0,0.0,0.0,0.0,0.0,0.0,0.0,0.0,0.0,2.0,0.0,0.0,0.0,0.0,0.0,4.0,0.0,0.0,5.0,0.0,0.0,0.0,0.0,0.0,0.0,0.0,0.0,0.0,0.0,0.0,0.0,0.0,0.0,0.0,0.0,0.0,0.0,0.0,0.0,0.0,0.0,0.0,0.0,0.0,0.0,0.0,0.0,0.0,0.0,0
696.0,3720.0,6886.0,41228.0,104663.0,228577.0,5097.0,377.0,90.0,127.0,0.0,174.0,2524.0,1437.0,69.0,148.0,3429.0,5009.0,15.0,45567.0,29580.0,681.0,26.0,2457.0,63.0,9571.0,19.0,3.0,234.0,15.0,91.0,3578.0,0.0,5.0,9525.0,9294.0,0.0,4.0,2.0,290.0,50.0,0.0,13.0,33.0,279.0,0.0,162.0,179.0,0.0,72.0,51.0,95.0,13.0,4126.0,2.0,1.0,26.0,0.0,0.0,6.0,0.0,0.0,0.0,104.0,0.0,6914.0,73.0,9.0,7.0,0.0,0.0,0.0,18.0,0.0,0.0,0.0,1.0,9.0,0.0,0.0,7.0,0.0,0.0,0.0,0.0,2.0,0.0,0.0,0.0,1.0,0.0,0.0,0.0,0.0,0.0,0.0,0.0,14.0,10.0,0.0,0.0,5.0,3.0,2.0,218.0,0.0,0.0,0.0,4.0,0.0,0.0,12.0,0.0,3.0,0.0,0.0,0.0,0.0,0.0,0.0,0.0,0.0,0.0,0.0,0.0,0.0,0.0,0.0,0.0,0.0,0.0,0.0,0.0,0.0,0.0,0.0,0.0,0
1197.0,4908.0,1615.0,125123.0,93783.0,80049.0,2511.0,8471.0,128.0,1255.0,2570.0,91.0,2468.0,11953.0,64.0,8.0,3118.0,37115.0,1587.0,6521.0,8599.0,591.0,15.0,368.0,14178.0,0.0,31.0,0.0,481.0,6.0,355.0,1726.0,0.0,20.0,1073.0,2279.0,249.0,74.0,0.0,7.0,27.0,0.0,13.0,0.0,0.0,0.0,20.0,32.0,109.0,214.0,4788.0,325.0,8.0,270.0,282.0,3.0,17.0,0.0,3.0,0.0,0.0,0.0,0.0,1735.0,0.0,9229.0,43.0,1.0,2.0,0.0,0.0,0.0,0.0,0.0,0.0,0.0,312.0,7.0,0.0,0.0,0.0,0.0,0.0,0.0,0.0,0.0,0.0,0.0,0.0,0.0,0.0,0.0,0.0,0.0,0.0,0.0,0.0,3.0,7.0,0.0,2.0,8.0,0.0,0.0,0.0,0.0,0.0,0.0,0.0,0.0,0.0,0.0,0.0,2.0,0.0,0.0,0.0,0.0,0.0,0.0,0.0,0.0,0.0,0.0,0.0,0.0,0.0,0.0,0.0,0.0,0.0,0.0,0.0,0.0,0.0,0.0,0.0,0
1018.0,15.0,122.0,3511.0,2649.0,6613.0,228.0,15.0,2.0,16.0,0.0,574.0,16.0,166.0,118.0,0.0,4.0,277.0,0.0,1371.0,336.0,9.0,0.0,26.0,0.0,0.0,0.0,0.0,8.0,0.0,0.0,114.0,0.0,0.0,34.0,65.0,5.0,0.0,0.0,0.0,6.0,0.0,0.0,0.0,0.0,3.0,5.0,19.0,0.0,0.0,386.0,0.0,0.0,412.0,0.0,0.0,0.0,0.0,0.0,0.0,0.0,0.0,0.0,5.0,0.0,0.0,0.0,3.0,0.0,0.0,0.0,0.0,0.0,0.0,0.0,0.0,0.0,0.0,0.0,0.0,0.0,0.0,0.0,0.0,0.0,0.0,0.0,0.0,0.0,0.0,0.0,0.0,0.0,0.0,0.0,0.0,0.0,0.0,0.0,0.0,0.0,0.0,0.0,0.0,0.0,0.0,0.0,0.0,0.0,0.0,0.0,0.0,0.0,0.0,0.0,0.0,0.0,0.0,0.0,0.0,0.0,0.0,0.0,0.0,0.0,0.0,0.0,0.0,0.0,0.0,0.0,0.0,0.0,0.0,0.0,0.0,0.0,0
24.0,19.0,105.0,2073.0,3235.0,8767.0,21.0,385.0,15.0,72.0,2.0,0.0,22.0,365.0,0.0,0.0,45.0,246.0,46.0,582.0,1715.0,19.0,0.0,3.0,884.0,284.0,0.0,0.0,41.0,0.0,0.0,109.0,0.0,0.0,15.0,7.0,0.0,4.0,0.0,0.0,0.0,0.0,2.0,0.0,0.0,3.0,0.0,5.0,0.0,0.0,0.0,0.0,0.0,48.0,2.0,0.0,0.0,0.0,0.0,0.0,0.0,0.0,0.0,21.0,0.0,0.0,4.0,0.0,0.0,0.0,0.0,0.0,0.0,0.0,0.0,0.0,14.0,0.0,0.0,0.0,0.0,0.0,0.0,0.0,0.0,0.0,0.0,0.0,0.0,0.0,0.0,0.0,0.0,0.0,0.0,0.0,0.0,0.0,0.0,0.0,0.0,0.0,0.0,17.0,0.0,0.0,0.0,0.0,0.0,0.0,0.0,0.0,0.0,0.0,0.0,0.0,0.0,0.0,0.0,0.0,0.0,0.0,0.0,0.0,0.0,0.0,0.0,0.0,0.0,0.0,0.0,0.0,0.0,0.0,0.0,0.0,0.0,0
663.0,57.0,446.0,7003.0,6080.0,1503.0,427.0,33.0,303.0,268.0,464.0,0.0,72.0,745.0,196.0,3.0,470.0,3362.0,8.0,224.0,328.0,37.0,0.0,25.0,366.0,0.0,0.0,0.0,45.0,0.0,0.0,86.0,0.0,0.0,96.0,66.0,14.0,48.0,82.0,0.0,0.0,0.0,0.0,0.0,0.0,0.0,0.0,0.0,0.0,7.0,144.0,1446.0,2.0,10.0,0.0,0.0,0.0,0.0,0.0,0.0,0.0,0.0,0.0,0.0,0.0,729.0,0.0,1.0,0.0,0.0,0.0,0.0,0.0,0.0,0.0,0.0,0.0,0.0,0.0,0.0,0.0,0.0,0.0,0.0,0.0,0.0,0.0,0.0,0.0,0.0,0.0,0.0,0.0,0.0,0.0,0.0,0.0,0.0,0.0,0.0,0.0,0.0,0.0,31.0,0.0,0.0,0.0,0.0,0.0,0.0,0.0,0.0,0.0,0.0,0.0,731.0,2.0,0.0,0.0,0.0,0.0,0.0,0.0,0.0,0.0,0.0,0.0,0.0,0.0,0.0,0.0,0.0,0.0,0.0,0.0,0.0,0.0,0
62.0,243.0,203.0,6159.0,4249.0,16872.0,299.0,77.0,23.0,27.0,736.0,0.0,69.0,210.0,12.0,0.0,105.0,265.0,0.0,360.0,368.0,9.0,0.0,74.0,580.0,0.0,3.0,0.0,0.0,0.0,2.0,149.0,0.0,0.0,9.0,11.0,0.0,0.0,0.0,0.0,0.0,0.0,0.0,0.0,0.0,0.0,0.0,0.0,0.0,8.0,1480.0,6.0,2.0,14.0,23.0,2.0,2.0,0.0,0.0,0.0,0.0,0.0,0.0,11.0,0.0,0.0,11.0,0.0,0.0,0.0,0.0,0.0,13.0,0.0,0.0,0.0,0.0,0.0,0.0,0.0,7.0,0.0,0.0,0.0,0.0,0.0,0.0,0.0,0.0,0.0,0.0,0.0,0.0,0.0,0.0,0.0,0.0,0.0,0.0,0.0,0.0,0.0,0.0,0.0,0.0,0.0,0.0,0.0,0.0,0.0,0.0,0.0,0.0,0.0,0.0,0.0,0.0,0.0,0.0,0.0,0.0,0.0,0.0,0.0,0.0,0.0,0.0,0.0,0.0,0.0,0.0,0.0,0.0,0.0,0.0,0.0,0.0,0
343433.0,3586.0,2992.0,32080.0,68890.0,56457.0,1333.0,1370.0,29.0,199.0,5474.0,1614.0,588.0,1836.0,19172.0,22.0,836.0,3739.0,229.0,4886.0,5897.0,173.0,22.0,466.0,792.0,2.0,49.0,7.0,93.0,4.0,5.0,1458.0,0.0,0.0,3620.0,1749.0,59.0,235.0,115.0,5.0,10.0,0.0,4.0,5.0,0.0,40.0,35.0,68.0,0.0,445.0,319.0,88.0,10.0,131.0,7.0,0.0,21.0,0.0,0.0,2.0,0.0,0.0,0.0,98.0,0.0,28.0,93.0,0.0,7.0,0.0,0.0,0.0,9.0,118.0,0.0,0.0,14.0,9.0,0.0,0.0,0.0,0.0,0.0,0.0,0.0,0.0,0.0,0.0,0.0,0.0,0.0,0.0,0.0,0.0,0.0,0.0,0.0,20.0,7.0,0.0,0.0,10.0,0.0,0.0,4.0,0.0,0.0,0.0,2.0,0.0,0.0,0.0,0.0,0.0,0.0,2.0,0.0,0.0,0.0,0.0,0.0,0.0,0.0,0.0,0.0,0.0,0.0,0.0,0.0,0.0,0.0,0.0,0.0,0.0,0.0,0.0,0.0,0
15.0,41.0,643.0,5391.0,2621.0,14551.0,432.0,76.0,0.0,31.0,246.0,0.0,7.0,57.0,2.0,2.0,142.0,30.0,0.0,988.0,658.0,7.0,0.0,469.0,319.0,0.0,0.0,0.0,4.0,0.0,0.0,13.0,0.0,1.0,2.0,6.0,0.0,0.0,0.0,0.0,0.0,0.0,0.0,0.0,0.0,0.0,0.0,0.0,0.0,0.0,0.0,0.0,0.0,5.0,0.0,3.0,0.0,0.0,0.0,0.0,0.0,0.0,0.0,9.0,0.0,0.0,0.0,2.0,6.0,0.0,0.0,0.0,0.0,0.0,4.0,0.0,0.0,0.0,0.0,0.0,0.0,0.0,0.0,0.0,0.0,2.0,0.0,0.0,0.0,0.0,0.0,0.0,0.0,0.0,0.0,0.0,0.0,0.0,0.0,0.0,0.0,0.0,0.0,0.0,0.0,0.0,0.0,0.0,0.0,0.0,0.0,0.0,0.0,0.0,0.0,0.0,0.0,0.0,0.0,0.0,0.0,0.0,0.0,0.0,0.0,0.0,0.0,0.0,0.0,0.0,0.0,0.0,0.0,0.0,0.0,0.0,0.0,0
460.0,101.0,47.0,1244.0,1438.0,2845.0,205.0,2.0,0.0,2.0,7.0,0.0,68.0,73.0,25.0,0.0,36.0,181.0,0.0,582.0,90.0,20.0,0.0,38.0,2.0,0.0,0.0,0.0,45.0,2.0,4.0,230.0,0.0,0.0,530.0,2878.0,24.0,7.0,0.0,0.0,2.0,0.0,0.0,14.0,0.0,0.0,0.0,4.0,0.0,4.0,0.0,46.0,0.0,24.0,0.0,0.0,0.0,0.0,0.0,0.0,0.0,0.0,0.0,9.0,0.0,9.0,0.0,0.0,0.0,0.0,0.0,0.0,1.0,0.0,0.0,0.0,17.0,0.0,0.0,0.0,0.0,0.0,0.0,0.0,0.0,0.0,0.0,0.0,0.0,0.0,0.0,24.0,0.0,0.0,0.0,0.0,0.0,0.0,0.0,0.0,0.0,0.0,0.0,4.0,0.0,0.0,7.0,0.0,0.0,0.0,0.0,0.0,0.0,0.0,0.0,0.0,0.0,0.0,0.0,0.0,0.0,0.0,0.0,0.0,0.0,0.0,0.0,0.0,0.0,0.0,0.0,0.0,0.0,0.0,0.0,0.0,0.0,1
17129.0,206.0,234.0,3635.0,4164.0,2744.0,291.0,9.0,28.0,34.0,355.0,79.0,95.0,189.0,272.0,0.0,193.0,348.0,0.0,293.0,477.0,10.0,2.0,44.0,146.0,0.0,2.0,100.0,0.0,0.0,0.0,180.0,0.0,3.0,24.0,95.0,0.0,0.0,11.0,0.0,0.0,0.0,0.0,0.0,1.0,0.0,0.0,8.0,0.0,2.0,20.0,161.0,2.0,5.0,0.0,0.0,0.0,0.0,0.0,0.0,0.0,0.0,0.0,6.0,0.0,0.0,4.0,0.0,0.0,0.0,0.0,0.0,0.0,0.0,0.0,0.0,2.0,0.0,0.0,0.0,0.0,0.0,0.0,0.0,0.0,0.0,0.0,0.0,0.0,0.0,0.0,0.0,0.0,0.0,0.0,0.0,0.0,0.0,0.0,0.0,0.0,0.0,0.0,0.0,0.0,0.0,0.0,0.0,0.0,0.0,0.0,0.0,0.0,0.0,0.0,0.0,0.0,0.0,0.0,0.0,0.0,0.0,0.0,0.0,0.0,0.0,0.0,0.0,0.0,0.0,0.0,0.0,0.0,0.0,0.0,0.0,0.0,0
450.0,7.0,43.0,3815.0,3352.0,5926.0,315.0,21.0,3.0,2.0,0.0,0.0,31.0,124.0,88.0,0.0,0.0,102.0,0.0,677.0,502.0,18.0,0.0,22.0,226.0,0.0,0.0,0.0,17.0,0.0,2.0,96.0,0.0,0.0,47.0,4.0,0.0,11.0,0.0,0.0,0.0,0.0,13.0,0.0,0.0,0.0,6.0,10.0,0.0,18.0,0.0,0.0,0.0,0.0,0.0,0.0,0.0,0.0,0.0,0.0,0.0,0.0,0.0,0.0,0.0,202.0,0.0,2.0,2.0,0.0,0.0,0.0,0.0,0.0,0.0,0.0,19.0,0.0,0.0,0.0,0.0,0.0,0.0,0.0,0.0,0.0,0.0,0.0,0.0,0.0,0.0,0.0,0.0,0.0,0.0,0.0,0.0,0.0,0.0,0.0,0.0,0.0,0.0,16.0,0.0,0.0,4.0,0.0,0.0,0.0,0.0,0.0,0.0,0.0,0.0,0.0,0.0,0.0,0.0,0.0,0.0,0.0,0.0,0.0,0.0,0.0,0.0,0.0,0.0,0.0,0.0,0.0,0.0,0.0,0.0,0.0,0.0,1
355.0,1844.0,10743.0,2955.0,13744.0,267164.0,394.0,35.0,5.0,19.0,7410.0,35.0,233.0,14.0,40.0,56.0,2150.0,120.0,0.0,3.0,82.0,6.0,3.0,10.0,15.0,0.0,11.0,4.0,5.0,0.0,7.0,24.0,0.0,2.0,17.0,33.0,0.0,0.0,0.0,0.0,0.0,0.0,0.0,0.0,0.0,0.0,0.0,0.0,0.0,0.0,16.0,10.0,8.0,0.0,2.0,0.0,0.0,0.0,0.0,0.0,0.0,0.0,0.0,21.0,0.0,10.0,19.0,0.0,0.0,0.0,0.0,0.0,2.0,0.0,0.0,0.0,0.0,2.0,0.0,0.0,0.0,0.0,0.0,0.0,0.0,0.0,0.0,0.0,0.0,0.0,0.0,0.0,0.0,0.0,0.0,0.0,0.0,0.0,2.0,0.0,0.0,5.0,0.0,0.0,0.0,0.0,0.0,0.0,0.0,0.0,0.0,0.0,0.0,0.0,0.0,0.0,0.0,0.0,0.0,0.0,0.0,0.0,0.0,0.0,0.0,0.0,0.0,0.0,0.0,0.0,0.0,0.0,0.0,0.0,0.0,0.0,0.0,1
179.0,204.0,340.0,857.0,3650.0,754.0,464.0,10.0,0.0,4.0,0.0,7.0,541.0,199.0,26.0,7.0,273.0,939.0,0.0,144.0,338.0,26.0,0.0,112.0,93.0,1.0,0.0,0.0,7.0,0.0,2.0,50.0,2.0,0.0,380.0,1514.0,17.0,0.0,2.0,61.0,19.0,0.0,0.0,0.0,3.0,0.0,2.0,5.0,0.0,8.0,5.0,221.0,0.0,8.0,0.0,0.0,0.0,0.0,0.0,0.0,0.0,0.0,0.0,0.0,0.0,0.0,0.0,0.0,0.0,0.0,0.0,0.0,0.0,0.0,2.0,0.0,6.0,0.0,0.0,0.0,0.0,0.0,0.0,0.0,0.0,0.0,0.0,0.0,0.0,0.0,0.0,0.0,0.0,0.0,0.0,0.0,0.0,0.0,0.0,0.0,0.0,0.0,0.0,2392.0,0.0,0.0,0.0,0.0,0.0,0.0,0.0,0.0,0.0,0.0,0.0,0.0,0.0,0.0,3.0,2.0,0.0,0.0,0.0,0.0,0.0,0.0,0.0,0.0,0.0,0.0,0.0,0.0,0.0,0.0,0.0,0.0,0.0,1
0.0,23.0,104.0,2369.0,4233.0,3971.0,53.0,37.0,2.0,13.0,17.0,0.0,189.0,140.0,0.0,150.0,0.0,163.0,0.0,78.0,352.0,6.0,0.0,0.0,0.0,0.0,0.0,0.0,32.0,0.0,3.0,0.0,0.0,0.0,38.0,1686.0,13.0,0.0,0.0,0.0,3.0,0.0,17.0,0.0,14.0,0.0,0.0,0.0,0.0,0.0,0.0,0.0,0.0,0.0,0.0,3.0,0.0,0.0,0.0,0.0,0.0,0.0,0.0,0.0,0.0,0.0,0.0,0.0,0.0,0.0,0.0,0.0,0.0,0.0,0.0,0.0,0.0,0.0,0.0,0.0,0.0,0.0,0.0,0.0,0.0,0.0,0.0,0.0,0.0,0.0,0.0,0.0,0.0,0.0,0.0,0.0,0.0,0.0,0.0,0.0,0.0,0.0,0.0,0.0,0.0,0.0,0.0,0.0,0.0,0.0,0.0,0.0,0.0,0.0,0.0,0.0,0.0,0.0,0.0,0.0,0.0,0.0,0.0,0.0,0.0,0.0,0.0,0.0,0.0,0.0,0.0,0.0,0.0,0.0,0.0,0.0,0.0,1
3496.0,2793.0,7007.0,40529.0,17706.0,295522.0,594.0,37.0,9.0,76.0,4771.0,69.0,1152.0,577.0,7876.0,3.0,847.0,876.0,22.0,19588.0,12378.0,797.0,15.0,4815.0,4269.0,321.0,53.0,4.0,26.0,2.0,175.0,1304.0,0.0,60.0,95.0,351.0,2.0,2.0,2.0,4.0,0.0,0.0,25.0,2.0,0.0,0.0,0.0,76.0,0.0,10.0,26.0,57.0,81.0,66.0,387.0,1.0,14.0,0.0,0.0,7.0,0.0,0.0,0.0,6778.0,0.0,118.0,55.0,0.0,2.0,0.0,0.0,0.0,1.0,0.0,0.0,0.0,0.0,107.0,0.0,0.0,0.0,5.0,0.0,0.0,0.0,3.0,0.0,0.0,0.0,2.0,0.0,0.0,2.0,0.0,0.0,0.0,0.0,0.0,3.0,0.0,1.0,7.0,0.0,2.0,0.0,0.0,94.0,0.0,2.0,0.0,0.0,0.0,0.0,0.0,0.0,0.0,0.0,0.0,0.0,0.0,0.0,0.0,0.0,0.0,0.0,0.0,0.0,0.0,0.0,0.0,0.0,0.0,0.0,0.0,0.0,0.0,0.0,1
2614.0,700.0,2383.0,2329.0,305.0,6643.0,1340.0,18.0,0.0,432.0,832.0,0.0,112.0,0.0,128.0,9.0,167.0,12.0,0.0,409.0,489.0,6.0,0.0,115.0,0.0,0.0,0.0,0.0,2.0,3.0,4.0,57.0,0.0,0.0,0.0,2.0,0.0,0.0,0.0,0.0,0.0,0.0,0.0,0.0,0.0,0.0,0.0,0.0,0.0,0.0,0.0,0.0,0.0,1.0,0.0,0.0,0.0,0.0,0.0,0.0,0.0,0.0,0.0,0.0,0.0,0.0,30.0,4.0,2.0,0.0,0.0,0.0,0.0,0.0,0.0,0.0,0.0,0.0,0.0,0.0,0.0,0.0,0.0,0.0,0.0,7.0,0.0,0.0,0.0,0.0,0.0,0.0,0.0,0.0,0.0,0.0,0.0,0.0,0.0,0.0,0.0,0.0,0.0,0.0,0.0,0.0,0.0,0.0,0.0,0.0,0.0,0.0,0.0,0.0,0.0,0.0,0.0,0.0,0.0,0.0,0.0,0.0,0.0,0.0,0.0,0.0,0.0,0.0,0.0,0.0,0.0,0.0,0.0,0.0,0.0,0.0,0.0,1
13.0,703.0,83.0,672.0,2261.0,2941.0,303.0,3.0,0.0,0.0,0.0,0.0,102.0,65.0,19.0,0.0,181.0,1123.0,0.0,773.0,737.0,8.0,0.0,20.0,66.0,0.0,0.0,0.0,16.0,0.0,0.0,723.0,0.0,0.0,302.0,818.0,34.0,3.0,0.0,0.0,0.0,0.0,0.0,2.0,0.0,0.0,0.0,17.0,0.0,11.0,12.0,99.0,66.0,0.0,0.0,0.0,0.0,0.0,0.0,2.0,0.0,0.0,0.0,6.0,0.0,16.0,0.0,2.0,0.0,0.0,0.0,0.0,0.0,0.0,1.0,0.0,9.0,0.0,0.0,0.0,0.0,0.0,0.0,0.0,0.0,0.0,0.0,0.0,0.0,0.0,0.0,2.0,0.0,0.0,0.0,0.0,0.0,0.0,0.0,0.0,0.0,0.0,0.0,0.0,0.0,0.0,0.0,0.0,0.0,0.0,0.0,0.0,0.0,0.0,0.0,26.0,0.0,0.0,0.0,0.0,0.0,0.0,0.0,0.0,0.0,0.0,0.0,0.0,0.0,0.0,0.0,0.0,0.0,0.0,0.0,0.0,0.0,1
191.0,46.0,243.0,3108.0,1131.0,3718.0,161.0,30.0,0.0,133.0,47.0,0.0,255.0,241.0,0.0,64.0,192.0,22.0,0.0,136.0,386.0,111.0,0.0,163.0,31.0,0.0,12.0,0.0,4.0,0.0,101.0,25.0,0.0,9.0,19.0,3970.0,0.0,0.0,0.0,0.0,0.0,0.0,0.0,2.0,0.0,0.0,0.0,0.0,0.0,0.0,0.0,0.0,3.0,107.0,86.0,0.0,0.0,0.0,0.0,0.0,0.0,0.0,0.0,638.0,0.0,0.0,3.0,0.0,0.0,0.0,0.0,0.0,0.0,0.0,0.0,0.0,0.0,0.0,0.0,0.0,0.0,0.0,0.0,0.0,0.0,2.0,0.0,0.0,0.0,0.0,0.0,0.0,0.0,0.0,0.0,0.0,0.0,0.0,0.0,0.0,0.0,0.0,0.0,0.0,0.0,0.0,0.0,0.0,0.0,0.0,0.0,0.0,0.0,0.0,0.0,0.0,0.0,2.0,0.0,0.0,0.0,0.0,0.0,0.0,0.0,0.0,0.0,0.0,0.0,0.0,0.0,0.0,0.0,0.0,0.0,0.0,0.0,1
1076.0,3634.0,16087.0,69222.0,2991.0,290653.0,171.0,190.0,5.0,210.0,12.0,67.0,3650.0,899.0,77.0,1752.0,285.0,183.0,140.0,614.0,12700.0,10.0,6.0,19.0,34.0,0.0,20.0,3.0,15.0,267.0,196.0,34.0,0.0,6.0,41.0,81.0,0.0,3.0,0.0,3.0,0.0,5.0,4.0,0.0,2.0,3.0,0.0,0.0,0.0,0.0,30.0,45.0,384.0,1011.0,94.0,0.0,11.0,0.0,0.0,0.0,0.0,0.0,0.0,1773.0,0.0,15.0,55.0,0.0,2.0,0.0,0.0,0.0,2.0,0.0,0.0,168.0,0.0,4.0,0.0,106.0,8.0,5.0,0.0,0.0,0.0,0.0,0.0,0.0,0.0,1.0,0.0,0.0,81.0,25.0,0.0,2.0,0.0,0.0,3.0,0.0,0.0,4.0,2.0,2.0,0.0,0.0,0.0,0.0,0.0,0.0,0.0,0.0,0.0,0.0,0.0,0.0,0.0,0.0,0.0,0.0,0.0,0.0,0.0,0.0,0.0,0.0,0.0,0.0,0.0,0.0,0.0,0.0,0.0,0.0,0.0,0.0,0.0,1
22.0,2441.0,130.0,1484.0,812.0,6910.0,135.0,2.0,0.0,2.0,0.0,0.0,24.0,20.0,1071.0,124.0,13.0,13.0,0.0,259.0,34.0,7.0,0.0,18.0,0.0,122.0,2.0,0.0,5.0,0.0,0.0,34.0,0.0,0.0,11.0,0.0,0.0,0.0,0.0,0.0,0.0,0.0,0.0,0.0,0.0,0.0,0.0,0.0,0.0,0.0,0.0,0.0,0.0,0.0,5.0,0.0,0.0,0.0,0.0,0.0,0.0,0.0,0.0,0.0,0.0,0.0,0.0,0.0,0.0,0.0,0.0,0.0,0.0,0.0,0.0,0.0,0.0,0.0,0.0,0.0,0.0,0.0,0.0,0.0,0.0,0.0,0.0,0.0,0.0,0.0,0.0,0.0,0.0,0.0,0.0,0.0,0.0,0.0,0.0,0.0,0.0,0.0,0.0,0.0,0.0,0.0,0.0,0.0,0.0,0.0,0.0,0.0,0.0,0.0,0.0,0.0,0.0,0.0,0.0,0.0,0.0,0.0,0.0,0.0,0.0,0.0,0.0,0.0,0.0,0.0,0.0,0.0,0.0,0.0,0.0,0.0,0.0,1
326.0,21.0,172.0,1910.0,836.0,3559.0,294.0,20.0,16.0,5.0,344.0,2.0,24.0,36.0,0.0,2.0,19.0,14.0,0.0,321.0,124.0,23.0,0.0,38.0,20.0,0.0,0.0,0.0,3.0,0.0,2.0,23.0,0.0,5.0,0.0,0.0,0.0,0.0,0.0,0.0,0.0,0.0,0.0,0.0,0.0,0.0,0.0,11.0,0.0,0.0,0.0,0.0,21.0,11.0,27.0,0.0,0.0,0.0,0.0,0.0,0.0,0.0,0.0,1230.0,0.0,0.0,0.0,2.0,2.0,0.0,0.0,0.0,0.0,0.0,0.0,0.0,0.0,0.0,0.0,0.0,0.0,2.0,0.0,0.0,0.0,0.0,0.0,0.0,0.0,0.0,0.0,0.0,0.0,0.0,0.0,0.0,0.0,0.0,0.0,0.0,0.0,0.0,0.0,0.0,0.0,0.0,0.0,0.0,0.0,0.0,0.0,0.0,0.0,0.0,0.0,0.0,0.0,0.0,0.0,0.0,0.0,0.0,0.0,0.0,0.0,0.0,0.0,0.0,0.0,0.0,0.0,0.0,0.0,0.0,0.0,0.0,0.0,1
2.0,613.0,82.0,2681.0,2456.0,3709.0,75.0,8.0,2.0,10.0,0.0,0.0,273.0,345.0,0.0,0.0,19.0,10.0,4.0,94.0,0.0,128.0,0.0,0.0,0.0,0.0,5.0,0.0,18.0,0.0,3.0,1141.0,0.0,0.0,17.0,2567.0,0.0,0.0,0.0,21.0,0.0,0.0,0.0,3.0,7.0,0.0,0.0,0.0,0.0,0.0,0.0,0.0,0.0,0.0,0.0,0.0,0.0,0.0,8.0,0.0,0.0,0.0,0.0,0.0,0.0,0.0,0.0,2.0,0.0,0.0,0.0,0.0,0.0,0.0,0.0,0.0,0.0,0.0,0.0,0.0,0.0,0.0,0.0,0.0,0.0,0.0,0.0,0.0,0.0,2.0,0.0,0.0,0.0,0.0,0.0,0.0,0.0,0.0,0.0,0.0,0.0,0.0,0.0,0.0,0.0,0.0,0.0,0.0,0.0,0.0,0.0,0.0,0.0,0.0,0.0,0.0,0.0,0.0,0.0,0.0,2.0,0.0,0.0,0.0,0.0,0.0,0.0,0.0,0.0,0.0,0.0,0.0,0.0,0.0,0.0,0.0,0.0,1
24142.0,11691.0,37953.0,74143.0,76562.0,54995.0,1333.0,915.0,35.0,14649.0,1024.0,502.0,2002.0,5732.0,472.0,1242.0,7558.0,13920.0,2.0,3172.0,4827.0,185.0,8.0,1077.0,1524.0,0.0,1884.0,6.0,59.0,9.0,27.0,675.0,0.0,0.0,226.0,570.0,41.0,0.0,0.0,460.0,2.0,0.0,5.0,2.0,36.0,30.0,10.0,93.0,0.0,101.0,441.0,45.0,8.0,36.0,0.0,13.0,18.0,0.0,0.0,2.0,0.0,0.0,0.0,37.0,0.0,10.0,31.0,0.0,0.0,0.0,0.0,0.0,4.0,0.0,0.0,0.0,2.0,12.0,0.0,0.0,0.0,0.0,0.0,0.0,0.0,0.0,0.0,0.0,0.0,7.0,0.0,19.0,0.0,0.0,0.0,0.0,0.0,0.0,8.0,0.0,0.0,5.0,3.0,0.0,2.0,0.0,0.0,0.0,0.0,0.0,0.0,0.0,0.0,0.0,0.0,0.0,0.0,0.0,0.0,0.0,0.0,0.0,41.0,0.0,0.0,0.0,0.0,0.0,0.0,0.0,0.0,0.0,0.0,0.0,0.0,0.0,0.0,1
7.0,10.0,634.0,3020.0,4663.0,1366.0,125.0,24.0,2.0,0.0,0.0,0.0,187.0,215.0,0.0,851.0,2480.0,162.0,0.0,529.0,758.0,17.0,0.0,95.0,0.0,0.0,0.0,0.0,27.0,0.0,0.0,246.0,0.0,0.0,2920.0,1828.0,24.0,389.0,0.0,329.0,2.0,0.0,2.0,6.0,0.0,0.0,0.0,0.0,0.0,78.0,3.0,107.0,0.0,118.0,0.0,0.0,0.0,0.0,0.0,0.0,0.0,0.0,0.0,7.0,0.0,0.0,0.0,0.0,0.0,0.0,0.0,0.0,0.0,0.0,0.0,0.0,2.0,17.0,0.0,0.0,4.0,0.0,0.0,0.0,0.0,0.0,0.0,0.0,0.0,0.0,0.0,4.0,0.0,0.0,0.0,0.0,0.0,0.0,0.0,0.0,0.0,0.0,0.0,0.0,0.0,0.0,3.0,0.0,0.0,0.0,0.0,0.0,0.0,0.0,0.0,0.0,0.0,0.0,0.0,0.0,0.0,0.0,0.0,2.0,0.0,0.0,0.0,0.0,0.0,0.0,0.0,0.0,0.0,0.0,0.0,0.0,0.0,1
4.0,56.0,87.0,4493.0,3193.0,3935.0,204.0,61.0,6.0,48.0,162.0,2.0,35.0,179.0,0.0,4.0,31.0,120.0,29.0,342.0,0.0,11.0,0.0,8.0,0.0,0.0,0.0,0.0,4.0,0.0,0.0,35.0,0.0,0.0,3.0,0.0,0.0,0.0,0.0,0.0,0.0,0.0,2.0,0.0,0.0,0.0,0.0,0.0,0.0,0.0,0.0,28.0,0.0,0.0,0.0,0.0,0.0,0.0,0.0,0.0,0.0,0.0,0.0,37.0,0.0,0.0,0.0,0.0,0.0,0.0,0.0,0.0,0.0,0.0,0.0,0.0,0.0,0.0,0.0,0.0,0.0,0.0,0.0,0.0,0.0,0.0,0.0,0.0,0.0,0.0,0.0,0.0,0.0,0.0,0.0,0.0,0.0,0.0,0.0,0.0,0.0,0.0,0.0,0.0,0.0,0.0,0.0,0.0,0.0,0.0,0.0,0.0,0.0,0.0,0.0,0.0,0.0,0.0,0.0,0.0,0.0,0.0,0.0,0.0,0.0,0.0,0.0,0.0,0.0,0.0,0.0,0.0,0.0,0.0,0.0,0.0,0.0,1
6060.0,16.0,326.0,2436.0,660.0,103.0,1357.0,0.0,0.0,16.0,15.0,0.0,122.0,9.0,975.0,0.0,3.0,17.0,3.0,18.0,0.0,20.0,0.0,139.0,0.0,0.0,39.0,0.0,0.0,0.0,0.0,10.0,0.0,0.0,0.0,0.0,0.0,0.0,0.0,0.0,0.0,0.0,0.0,0.0,0.0,0.0,0.0,0.0,0.0,0.0,0.0,0.0,4.0,0.0,0.0,0.0,0.0,0.0,0.0,0.0,0.0,0.0,0.0,0.0,0.0,0.0,3.0,0.0,0.0,0.0,0.0,0.0,0.0,0.0,2.0,0.0,0.0,0.0,0.0,0.0,0.0,0.0,0.0,0.0,0.0,0.0,0.0,0.0,0.0,0.0,0.0,0.0,0.0,0.0,0.0,0.0,0.0,0.0,0.0,0.0,0.0,0.0,0.0,0.0,0.0,0.0,0.0,0.0,0.0,0.0,0.0,0.0,0.0,0.0,0.0,0.0,0.0,0.0,0.0,0.0,0.0,0.0,0.0,0.0,0.0,0.0,0.0,0.0,0.0,0.0,0.0,0.0,0.0,0.0,0.0,0.0,0.0,1
13521.0,2707.0,2090.0,215925.0,41920.0,118308.0,2317.0,828.0,30.0,835.0,5603.0,80.0,9181.0,3993.0,89.0,31.0,147.0,20746.0,39.0,15658.0,53968.0,973.0,22.0,755.0,708.0,2.0,58.0,0.0,193.0,0.0,2439.0,3620.0,0.0,1265.0,1937.0,1964.0,3.0,11.0,0.0,3.0,5.0,0.0,41.0,108.0,0.0,0.0,9.0,278.0,0.0,0.0,50.0,72.0,142.0,0.0,304.0,0.0,22.0,0.0,6.0,5.0,0.0,0.0,0.0,17184.0,0.0,1789.0,101.0,4.0,12.0,0.0,0.0,4.0,9.0,0.0,0.0,0.0,2.0,4.0,0.0,5.0,4.0,4.0,0.0,0.0,0.0,0.0,0.0,0.0,0.0,0.0,0.0,0.0,0.0,19.0,0.0,0.0,0.0,3.0,6.0,0.0,0.0,4.0,4.0,3.0,9568.0,0.0,0.0,0.0,2.0,0.0,0.0,8.0,0.0,0.0,0.0,0.0,0.0,0.0,0.0,0.0,0.0,0.0,0.0,0.0,0.0,0.0,0.0,0.0,0.0,0.0,0.0,0.0,0.0,0.0,0.0,0.0,0.0,1
454.0,56172.0,314.0,52625.0,24057.0,280421.0,1703.0,999.0,48.0,2408.0,7483.0,58.0,181.0,155.0,54.0,80.0,423.0,2599.0,0.0,17596.0,343.0,120.0,9.0,322.0,44.0,0.0,48.0,2.0,10.0,13.0,6.0,23.0,0.0,0.0,69.0,137.0,0.0,0.0,0.0,8.0,0.0,0.0,2.0,3.0,0.0,0.0,0.0,201.0,0.0,2.0,23.0,35.0,5.0,21.0,7.0,19.0,19.0,0.0,5.0,1.0,0.0,0.0,0.0,29.0,0.0,5056.0,0.0,10.0,3.0,0.0,0.0,0.0,39.0,0.0,0.0,0.0,2.0,3.0,0.0,0.0,0.0,0.0,0.0,0.0,0.0,0.0,0.0,0.0,0.0,6.0,0.0,0.0,2.0,9.0,0.0,0.0,0.0,0.0,4.0,0.0,0.0,5.0,0.0,0.0,0.0,0.0,0.0,0.0,0.0,0.0,0.0,0.0,0.0,0.0,0.0,0.0,0.0,0.0,0.0,0.0,0.0,0.0,0.0,0.0,2.0,0.0,0.0,0.0,0.0,0.0,0.0,0.0,0.0,0.0,0.0,0.0,0.0,0
816.0,4544.0,18861.0,109638.0,7758.0,267689.0,954.0,896.0,7.0,670.0,14.0,62.0,7102.0,1567.0,64.0,26.0,3659.0,218.0,2286.0,84.0,4268.0,22.0,13.0,4824.0,32.0,2.0,171.0,5.0,7.0,0.0,95.0,31.0,0.0,76.0,60.0,115.0,2.0,0.0,0.0,0.0,0.0,0.0,2.0,5.0,0.0,0.0,0.0,2.0,0.0,0.0,41.0,64.0,41.0,29.0,91.0,21.0,13.0,0.0,9.0,0.0,0.0,2.0,0.0,204.0,0.0,17.0,91.0,2.0,11.0,0.0,0.0,3.0,0.0,0.0,0.0,0.0,0.0,5.0,0.0,4.0,0.0,2.0,2.0,0.0,0.0,0.0,0.0,0.0,0.0,0.0,0.0,0.0,0.0,0.0,0.0,0.0,0.0,0.0,0.0,0.0,0.0,5.0,2.0,0.0,0.0,0.0,0.0,0.0,0.0,0.0,0.0,0.0,0.0,0.0,0.0,0.0,0.0,0.0,0.0,0.0,0.0,0.0,0.0,0.0,0.0,0.0,0.0,0.0,0.0,0.0,0.0,0.0,0.0,0.0,0.0,0.0,0.0,1
5095.0,130.0,1018.0,2007.0,4640.0,1801.0,370.0,54.0,0.0,3.0,689.0,0.0,128.0,202.0,2.0,516.0,3379.0,110.0,4.0,620.0,785.0,14.0,0.0,195.0,321.0,0.0,0.0,0.0,75.0,0.0,0.0,99.0,0.0,0.0,35.0,235.0,0.0,0.0,0.0,0.0,2.0,0.0,0.0,4.0,0.0,0.0,0.0,0.0,2.0,51.0,0.0,2.0,2.0,48.0,2.0,0.0,0.0,0.0,0.0,0.0,0.0,0.0,0.0,2.0,0.0,0.0,6.0,0.0,0.0,0.0,0.0,0.0,0.0,0.0,0.0,0.0,0.0,0.0,0.0,0.0,0.0,0.0,0.0,0.0,0.0,0.0,0.0,0.0,0.0,0.0,0.0,0.0,0.0,0.0,0.0,0.0,0.0,6.0,0.0,0.0,0.0,0.0,0.0,0.0,0.0,0.0,0.0,0.0,0.0,0.0,0.0,0.0,0.0,0.0,0.0,0.0,0.0,0.0,0.0,0.0,0.0,0.0,0.0,0.0,0.0,0.0,0.0,0.0,0.0,0.0,0.0,0.0,0.0,0.0,0.0,0.0,0.0,1
527.0,2183.0,1036.0,69321.0,34245.0,311901.0,1819.0,999.0,307.0,118.0,19.0,77.0,402.0,325.0,64.0,271.0,93.0,475.0,52.0,4772.0,9063.0,65.0,10.0,16.0,47.0,0.0,28.0,0.0,17.0,0.0,24.0,36.0,0.0,1.0,85.0,522.0,0.0,4.0,0.0,2.0,0.0,7.0,5.0,19.0,0.0,2.0,0.0,0.0,0.0,0.0,26.0,64.0,413.0,26.0,3.0,1.0,13.0,0.0,38.0,14.0,0.0,0.0,0.0,343.0,0.0,14.0,55.0,6.0,7.0,0.0,0.0,3.0,3.0,0.0,0.0,0.0,0.0,2.0,0.0,0.0,0.0,0.0,0.0,0.0,0.0,0.0,0.0,0.0,0.0,0.0,0.0,0.0,0.0,48.0,0.0,0.0,0.0,0.0,5.0,0.0,3.0,9.0,0.0,2.0,0.0,0.0,0.0,0.0,0.0,0.0,0.0,0.0,0.0,0.0,0.0,0.0,0.0,0.0,0.0,0.0,0.0,0.0,0.0,0.0,0.0,0.0,0.0,0.0,0.0,0.0,0.0,0.0,0.0,0.0,0.0,0.0,0.0,1
393.0,162246.0,1099.0,3615.0,3146.0,32203.0,297.0,57.0,0.0,79.0,0.0,85.0,200.0,205.0,2579.0,11.0,733.0,695.0,3.0,3980.0,4515.0,41.0,11.0,272.0,52.0,2.0,151.0,5.0,32.0,5.0,4.0,1071.0,0.0,1.0,109.0,309.0,46.0,7.0,0.0,79.0,3.0,112585.0,3.0,2.0,0.0,3.0,2.0,9.0,0.0,29.0,49.0,142.0,22.0,3576.0,85.0,0.0,108014.0,1265.0,0.0,0.0,516.0,120.0,0.0,75.0,1809.0,69.0,43890.0,0.0,21025.0,0.0,0.0,0.0,4.0,0.0,0.0,11.0,2.0,14.0,0.0,2067.0,0.0,0.0,0.0,0.0,0.0,72.0,0.0,0.0,0.0,0.0,0.0,0.0,4.0,0.0,0.0,0.0,0.0,2.0,175.0,0.0,4031.0,3.0,225.0,2.0,0.0,0.0,0.0,0.0,0.0,0.0,872.0,0.0,0.0,0.0,0.0,0.0,0.0,0.0,0.0,0.0,0.0,0.0,0.0,0.0,0.0,78.0,58.0,46.0,56.0,25.0,12.0,2.0,0.0,0.0,0.0,0.0,0.0,1
25994.0,3038.0,7176.0,82961.0,27240.0,251822.0,10239.0,5259.0,49.0,1164.0,21763.0,149.0,3571.0,4431.0,65.0,11.0,3236.0,710.0,78.0,13372.0,1191.0,969.0,13.0,737.0,793.0,0.0,17739.0,2.0,13.0,0.0,98.0,1478.0,0.0,26.0,65.0,181.0,5.0,2.0,0.0,30.0,0.0,0.0,6.0,0.0,0.0,0.0,0.0,88.0,0.0,7.0,53.0,61.0,431.0,0.0,542.0,5.0,18.0,0.0,0.0,272.0,0.0,0.0,0.0,14866.0,0.0,26.0,55.0,4.0,7.0,0.0,0.0,0.0,3.0,0.0,0.0,2.0,2.0,89.0,0.0,0.0,10.0,0.0,0.0,0.0,0.0,0.0,0.0,0.0,0.0,2.0,0.0,0.0,0.0,6.0,0.0,0.0,0.0,0.0,0.0,0.0,0.0,10.0,2.0,7.0,2.0,0.0,0.0,0.0,0.0,0.0,0.0,0.0,0.0,0.0,0.0,0.0,0.0,0.0,0.0,0.0,0.0,0.0,0.0,0.0,0.0,0.0,0.0,0.0,0.0,0.0,0.0,0.0,0.0,0.0,0.0,0.0,0.0,1
737.0,4730.0,94.0,223.0,405.0,247.0,14.0,0.0,0.0,0.0,0.0,4.0,17.0,35.0,15.0,35.0,101.0,157.0,0.0,244.0,55.0,4.0,2.0,42.0,14.0,0.0,0.0,0.0,12.0,0.0,0.0,61.0,0.0,0.0,229.0,362.0,7.0,14.0,0.0,76.0,3.0,436.0,0.0,2.0,0.0,0.0,2.0,0.0,0.0,0.0,2.0,24.0,6.0,4340.0,146.0,0.0,60.0,0.0,0.0,0.0,93.0,0.0,2.0,0.0,0.0,0.0,5206.0,0.0,441.0,0.0,0.0,0.0,10.0,0.0,0.0,0.0,0.0,0.0,0.0,0.0,0.0,0.0,0.0,0.0,0.0,26.0,0.0,0.0,0.0,0.0,0.0,0.0,2.0,0.0,0.0,9.0,0.0,0.0,45.0,0.0,0.0,0.0,0.0,104.0,0.0,0.0,0.0,0.0,0.0,0.0,0.0,0.0,0.0,0.0,0.0,0.0,0.0,0.0,0.0,0.0,0.0,0.0,0.0,0.0,0.0,0.0,0.0,0.0,0.0,0.0,0.0,0.0,0.0,0.0,0.0,0.0,0.0,1
3730.0,1676.0,1111.0,145095.0,50216.0,168096.0,1476.0,280.0,139.0,288.0,6271.0,33.0,152.0,1533.0,64.0,21.0,89.0,387.0,5.0,11515.0,2008.0,24.0,8.0,618.0,26.0,0.0,18.0,2.0,4.0,4.0,73.0,293.0,0.0,17.0,60.0,120.0,0.0,3.0,0.0,2.0,0.0,0.0,0.0,0.0,0.0,0.0,0.0,2.0,0.0,0.0,1011.0,44.0,13.0,0.0,135.0,12.0,8.0,0.0,2.0,0.0,0.0,0.0,0.0,1054.0,0.0,7.0,47.0,0.0,0.0,0.0,0.0,0.0,0.0,0.0,0.0,0.0,0.0,3.0,0.0,0.0,0.0,3.0,0.0,0.0,0.0,0.0,0.0,0.0,0.0,3.0,0.0,0.0,0.0,0.0,0.0,0.0,0.0,0.0,8.0,0.0,0.0,10.0,5.0,0.0,2.0,0.0,35.0,0.0,0.0,0.0,0.0,0.0,0.0,0.0,0.0,0.0,0.0,0.0,0.0,0.0,0.0,0.0,0.0,0.0,0.0,0.0,0.0,0.0,0.0,0.0,0.0,0.0,0.0,0.0,0.0,0.0,0.0,1
559.0,2338.0,76198.0,37875.0,37622.0,180677.0,643.0,878.0,6.0,195.0,2193.0,54.0,2116.0,2060.0,63.0,27.0,1597.0,517.0,134.0,18404.0,7317.0,2900.0,5.0,2072.0,291.0,4.0,17.0,2.0,36.0,0.0,95.0,2050.0,0.0,0.0,506.0,54084.0,85.0,4.0,0.0,444.0,32.0,0.0,5.0,442.0,0.0,0.0,0.0,765.0,0.0,244.0,38.0,59.0,19.0,1878.0,70.0,19.0,18.0,0.0,4.0,0.0,0.0,0.0,0.0,348.0,0.0,2.0,84.0,0.0,2.0,0.0,0.0,0.0,3.0,0.0,0.0,0.0,10.0,15.0,0.0,0.0,0.0,0.0,0.0,0.0,0.0,2.0,0.0,0.0,0.0,0.0,0.0,0.0,0.0,0.0,0.0,0.0,0.0,0.0,7.0,0.0,0.0,4.0,2.0,0.0,2.0,0.0,73.0,0.0,0.0,0.0,0.0,0.0,0.0,0.0,0.0,0.0,0.0,0.0,0.0,0.0,0.0,0.0,0.0,0.0,0.0,0.0,0.0,0.0,0.0,0.0,0.0,0.0,0.0,0.0,0.0,0.0,0.0,1
53539.0,2484.0,13545.0,36499.0,76076.0,52735.0,2595.0,282.0,16.0,282.0,16144.0,113.0,5176.0,2875.0,14655.0,13.0,18489.0,50691.0,87.0,15073.0,4925.0,2467.0,71.0,2623.0,5733.0,0.0,23.0,5.0,204.0,5.0,639.0,1254.0,0.0,3.0,2440.0,13409.0,466.0,5.0,0.0,8.0,162.0,0.0,60.0,3.0,0.0,0.0,14.0,18.0,1.0,419.0,8356.0,193.0,795.0,877.0,3881.0,1.0,20.0,0.0,5.0,50.0,0.0,0.0,0.0,19459.0,0.0,4517.0,59.0,0.0,4.0,0.0,0.0,17.0,3.0,0.0,0.0,2.0,39.0,173.0,0.0,0.0,3.0,12.0,0.0,0.0,0.0,2.0,0.0,0.0,0.0,0.0,0.0,0.0,9.0,50.0,0.0,0.0,0.0,0.0,4.0,0.0,0.0,0.0,2.0,3.0,0.0,14.0,31.0,0.0,0.0,2.0,0.0,0.0,0.0,0.0,0.0,0.0,0.0,0.0,0.0,0.0,0.0,0.0,0.0,0.0,0.0,0.0,0.0,0.0,0.0,0.0,0.0,0.0,0.0,0.0,0.0,0.0,0.0,1
25123.0,86573.0,3416.0,125386.0,77553.0,4741.0,24427.0,135.0,0.0,96.0,513.0,183.0,849.0,5439.0,2286.0,76.0,103.0,8413.0,111.0,6346.0,3438.0,494.0,9.0,257.0,30.0,4.0,22.0,3.0,946.0,1820.0,145.0,588.0,0.0,0.0,1037.0,186.0,3.0,2.0,0.0,8.0,15.0,0.0,1559.0,9.0,0.0,0.0,0.0,135.0,0.0,8.0,39.0,1003.0,3897.0,189.0,8.0,3.0,19.0,0.0,0.0,0.0,0.0,0.0,0.0,206.0,0.0,13.0,0.0,2.0,8.0,0.0,0.0,89.0,25.0,0.0,0.0,64.0,51.0,9.0,0.0,2.0,0.0,0.0,0.0,0.0,0.0,0.0,0.0,0.0,0.0,1.0,67.0,0.0,3700.0,44.0,0.0,265.0,0.0,0.0,82.0,0.0,2.0,1.0,8.0,1033.0,0.0,0.0,0.0,0.0,0.0,0.0,0.0,0.0,0.0,0.0,0.0,0.0,0.0,0.0,0.0,0.0,0.0,0.0,0.0,0.0,0.0,0.0,0.0,0.0,0.0,0.0,0.0,0.0,7.0,0.0,0.0,0.0,0.0,1
342.0,5129.0,2408.0,99484.0,7313.0,272994.0,6139.0,662.0,72.0,951.0,2019.0,80.0,373.0,2071.0,73.0,36.0,3117.0,170.0,4.0,6146.0,251.0,5.0,71.0,21.0,48.0,0.0,17.0,3.0,8.0,0.0,2.0,36.0,0.0,1.0,56.0,4788.0,0.0,2.0,0.0,0.0,0.0,236.0,7.0,0.0,0.0,0.0,0.0,0.0,0.0,5.0,29.0,50.0,6.0,3340.0,4.0,0.0,14.0,0.0,8.0,0.0,0.0,0.0,0.0,48.0,0.0,11.0,59.0,0.0,2.0,0.0,0.0,0.0,1.0,0.0,0.0,0.0,2.0,3.0,0.0,0.0,0.0,0.0,0.0,0.0,0.0,0.0,0.0,0.0,0.0,0.0,0.0,0.0,0.0,0.0,0.0,0.0,0.0,0.0,4.0,0.0,2.0,3.0,4.0,2.0,0.0,0.0,0.0,0.0,0.0,0.0,0.0,0.0,0.0,0.0,0.0,0.0,0.0,0.0,0.0,0.0,0.0,0.0,0.0,0.0,0.0,0.0,0.0,0.0,0.0,0.0,0.0,0.0,0.0,0.0,0.0,0.0,0.0,1
353897.0,2349.0,3730.0,15781.0,21585.0,22244.0,4573.0,1436.0,13.0,124.0,2426.0,56.0,769.0,783.0,2234.0,6.0,980.0,1391.0,93.0,7338.0,2919.0,162.0,7.0,246.0,1712.0,2.0,9.0,0.0,286.0,4.0,15.0,624.0,0.0,0.0,369.0,205.0,3.0,3.0,53.0,3.0,6.0,8.0,23.0,0.0,0.0,20.0,0.0,8.0,0.0,19.0,51.0,52.0,8.0,44.0,69.0,0.0,12.0,0.0,0.0,0.0,0.0,0.0,0.0,878.0,0.0,15.0,67.0,0.0,3.0,0.0,0.0,0.0,0.0,0.0,0.0,0.0,18.0,10.0,0.0,0.0,0.0,0.0,0.0,0.0,0.0,0.0,0.0,0.0,0.0,0.0,0.0,0.0,0.0,0.0,0.0,0.0,0.0,0.0,18.0,0.0,0.0,4.0,2.0,0.0,0.0,0.0,0.0,0.0,0.0,0.0,0.0,0.0,0.0,0.0,0.0,0.0,0.0,0.0,0.0,0.0,0.0,0.0,0.0,0.0,0.0,0.0,0.0,0.0,0.0,0.0,0.0,0.0,0.0,0.0,0.0,0.0,0.0,1
11666.0,2437.0,10338.0,66794.0,187634.0,52608.0,17804.0,508.0,8.0,102.0,2.0,70.0,5720.0,5914.0,4958.0,9.0,123.0,13273.0,48.0,7977.0,8657.0,1789.0,15.0,4316.0,4374.0,2171.0,38.0,7.0,25.0,13.0,64.0,48772.0,0.0,0.0,5667.0,132.0,1188.0,6.0,0.0,9131.0,260.0,0.0,5.0,113.0,0.0,0.0,15.0,1513.0,0.0,64.0,41.0,76.0,15.0,247.0,0.0,0.0,16.0,0.0,2.0,5.0,0.0,0.0,0.0,120.0,0.0,23.0,95.0,2.0,3.0,0.0,0.0,0.0,3.0,0.0,0.0,0.0,8.0,9.0,0.0,0.0,0.0,0.0,0.0,0.0,0.0,0.0,0.0,0.0,0.0,1.0,0.0,43.0,0.0,0.0,0.0,0.0,0.0,0.0,11.0,0.0,0.0,3.0,2.0,298.0,3.0,0.0,0.0,0.0,3.0,3.0,0.0,0.0,0.0,18.0,0.0,0.0,0.0,0.0,0.0,0.0,0.0,0.0,0.0,0.0,0.0,0.0,0.0,0.0,0.0,0.0,0.0,0.0,0.0,0.0,2.0,1.0,0.0,1
2607.0,6201.0,1783.0,32106.0,76844.0,169576.0,5539.0,437.0,3.0,236.0,0.0,102.0,3442.0,19713.0,108.0,16.0,707.0,45911.0,137.0,8517.0,12776.0,893.0,32.0,1559.0,12807.0,1233.0,34.0,2.0,2179.0,9.0,835.0,27967.0,0.0,0.0,17547.0,107.0,958.0,279.0,0.0,2412.0,305.0,0.0,13789.0,22.0,0.0,0.0,99.0,44.0,20.0,80.0,51.0,2919.0,1986.0,21.0,356.0,0.0,15.0,0.0,9.0,7.0,0.0,0.0,0.0,13802.0,0.0,56.0,51.0,7.0,5.0,0.0,0.0,16.0,4.0,0.0,0.0,0.0,36.0,27.0,0.0,0.0,0.0,0.0,0.0,0.0,0.0,0.0,0.0,0.0,0.0,0.0,0.0,228.0,36.0,2.0,0.0,0.0,0.0,3.0,6.0,0.0,0.0,8.0,10.0,3.0,0.0,0.0,0.0,0.0,0.0,0.0,0.0,0.0,0.0,0.0,0.0,0.0,0.0,0.0,0.0,0.0,0.0,0.0,0.0,0.0,0.0,0.0,0.0,0.0,0.0,0.0,0.0,0.0,0.0,0.0,0.0,0.0,0.0,1
4924.0,2356.0,4755.0,36367.0,164008.0,61170.0,1131.0,879.0,37.0,5727.0,1967.0,55.0,794.0,5451.0,3377.0,3825.0,1991.0,18670.0,32.0,9710.0,9167.0,966.0,127.0,3644.0,3034.0,19.0,223.0,5.0,456.0,19.0,83.0,2098.0,0.0,0.0,59302.0,15179.0,1649.0,302.0,15.0,7.0,245.0,0.0,8.0,18.0,0.0,159.0,59.0,16.0,12.0,341.0,114.0,136.0,40.0,103.0,7.0,36.0,14.0,0.0,2.0,2.0,0.0,0.0,0.0,64.0,0.0,23.0,84.0,0.0,2.0,0.0,0.0,0.0,0.0,0.0,0.0,0.0,1002.0,7.0,0.0,0.0,0.0,0.0,0.0,0.0,0.0,0.0,0.0,0.0,0.0,1.0,0.0,35.0,0.0,8.0,0.0,0.0,0.0,3.0,10.0,0.0,0.0,6.0,5.0,0.0,16.0,0.0,468.0,0.0,2.0,2.0,0.0,0.0,2.0,15.0,0.0,0.0,0.0,0.0,0.0,0.0,0.0,0.0,0.0,0.0,0.0,0.0,0.0,0.0,0.0,0.0,0.0,0.0,0.0,0.0,0.0,0.0,5.0,1
512.0,3302.0,16849.0,63210.0,20975.0,258101.0,314.0,295.0,7.0,303.0,0.0,96.0,1446.0,140.0,73.0,7.0,102.0,3580.0,8.0,6942.0,49625.0,2758.0,10.0,6814.0,1914.0,0.0,30.0,4.0,9.0,0.0,14.0,8061.0,0.0,2.0,291.0,60293.0,0.0,7.0,0.0,1927.0,0.0,2.0,2.0,10.0,0.0,0.0,0.0,0.0,0.0,3.0,804.0,85.0,13.0,8393.0,262.0,9.0,29.0,0.0,5.0,0.0,0.0,0.0,0.0,311.0,0.0,70.0,86.0,5.0,8.0,0.0,0.0,0.0,0.0,0.0,0.0,0.0,0.0,9.0,0.0,0.0,0.0,0.0,0.0,0.0,0.0,0.0,0.0,0.0,0.0,2.0,0.0,0.0,0.0,0.0,0.0,0.0,0.0,0.0,10.0,0.0,0.0,6.0,0.0,66.0,2.0,0.0,38.0,0.0,0.0,0.0,0.0,0.0,0.0,0.0,0.0,0.0,0.0,0.0,0.0,0.0,0.0,0.0,0.0,0.0,0.0,0.0,0.0,0.0,0.0,0.0,0.0,0.0,0.0,2.0,0.0,0.0,0.0,1
11812.0,5647.0,65436.0,104302.0,122213.0,92780.0,47594.0,223.0,6.0,3956.0,0.0,87.0,21009.0,18062.0,1420.0,1601.0,3188.0,1957.0,188.0,9340.0,1503.0,1458.0,191.0,479.0,317.0,0.0,35.0,7.0,71.0,14.0,90.0,1888.0,0.0,136.0,1243.0,125.0,3.0,4.0,0.0,2.0,31.0,2.0,19.0,31.0,0.0,0.0,0.0,25.0,0.0,6.0,34.0,91.0,43.0,5663.0,603.0,2.0,22.0,0.0,0.0,0.0,0.0,0.0,0.0,3596.0,0.0,16.0,81.0,0.0,2.0,0.0,0.0,0.0,0.0,0.0,0.0,0.0,26.0,12.0,0.0,0.0,6.0,0.0,0.0,0.0,0.0,2.0,0.0,0.0,0.0,2.0,0.0,0.0,5.0,0.0,0.0,0.0,0.0,0.0,3.0,0.0,0.0,5.0,2.0,6.0,3.0,0.0,197.0,0.0,0.0,0.0,0.0,0.0,0.0,0.0,0.0,0.0,0.0,0.0,0.0,0.0,0.0,0.0,0.0,0.0,0.0,0.0,0.0,0.0,0.0,0.0,0.0,0.0,0.0,0.0,0.0,36.0,0.0,1
50730.0,7182.0,59271.0,54867.0,35261.0,123367.0,1434.0,369.0,389.0,250.0,14222.0,3385.0,4628.0,939.0,74.0,17.0,4371.0,1764.0,164.0,28708.0,11432.0,209.0,18.0,1957.0,45.0,0.0,3328.0,6.0,78.0,3.0,160.0,1662.0,0.0,15.0,1122.0,845.0,0.0,0.0,199.0,25.0,2.0,0.0,14.0,9.0,0.0,0.0,0.0,54.0,0.0,489.0,4797.0,59.0,12.0,25.0,378.0,4.0,19.0,0.0,11.0,4.0,0.0,0.0,0.0,1203.0,0.0,611.0,8.0,3.0,5.0,0.0,0.0,0.0,0.0,414.0,0.0,0.0,0.0,9.0,0.0,0.0,0.0,0.0,0.0,0.0,0.0,0.0,0.0,0.0,0.0,15.0,0.0,0.0,0.0,11.0,0.0,0.0,0.0,0.0,7.0,0.0,0.0,3.0,0.0,0.0,0.0,0.0,0.0,0.0,0.0,0.0,0.0,0.0,3.0,0.0,0.0,0.0,0.0,0.0,0.0,0.0,0.0,0.0,0.0,0.0,0.0,0.0,0.0,0.0,0.0,0.0,0.0,0.0,0.0,0.0,0.0,0.0,0.0,1
